dataset,method,grid_runtime_s,n_points,status,mae,rmse,max_err,config
constant_velocity__clean_uniform,drv_savgol,0.16085169999860227,200,ok,2.013944566670034e-15,3.3150895140041425e-15,2.6201263381153694e-14,7
constant_velocity__clean_uniform,drv_spline,0.005806599976494908,200,ok,9.370282327836322e-15,1.1725805365751909e-14,2.842170943040401e-14,0
constant_velocity__clean_uniform,drv_kalman,0.07497060007881373,200,ok,4.3265346860721364e-12,7.327779433081914e-12,2.5977442419389263e-11,1
constant_velocity__clean_uniform,pnd_savgol,0.005163700086995959,200,ok,1.254552017826427e-15,3.5758144802969115e-15,1.8207657603852567e-14,3
constant_velocity__clean_uniform,pnd_butter,0.0015826000599190593,200,ok,1.6741145220628973e-05,0.00014003556799900018,0.0018302950586797095,3
constant_velocity__clean_uniform,pnd_spectral,0.0007824000203981996,200,ok,0.15825715716750166,0.39591215401208174,2.111245343491597,1
constant_velocity__clean_uniform,pnd_median,0.0006955000571906567,200,ok,0.028750000000006107,0.24395183950935936,2.3,0
constant_velocity__clean_uniform,pnd_tvr,0.048872899962589145,200,ok,2.2990123949018228e-08,4.5002236537295e-08,1.515569043597509e-07,0
constant_velocity__uneven_clean,drv_savgol,0.15268469997681677,200,ok,2.022826350867035e-15,2.8672141023185675e-15,1.4210854715202004e-14,7
constant_velocity__uneven_clean,drv_spline,0.005480899941176176,200,ok,8.968381592922015e-15,1.147139249735234e-14,3.064215547965432e-14,0
constant_velocity__uneven_clean,drv_kalman,0.07907540001906455,200,ok,4.7526778825801585e-08,1.6824192514517967e-07,1.534074691722509e-06,0
constant_velocity__uneven_clean,pnd_savgol,0.005192199954763055,200,ok,1.121325254871408e-15,2.5311137126818584e-15,1.3322676295501878e-14,3
constant_velocity__uneven_clean,pnd_butter,0.0016778999706730247,200,ok,1.8570518811857895e-05,0.00015061091025069177,0.0018302950586797095,3
constant_velocity__uneven_clean,pnd_spectral,0.0008262000046670437,200,ok,0.15708862807651905,0.3951368965432145,2.1112453434915954,1
constant_velocity__uneven_clean,pnd_median,0.000699999975040555,200,ok,0.02821692158303299,0.2415434829605049,2.3,0
constant_velocity__uneven_clean,pnd_tvr,0.04407579998951405,200,ok,2.3157697699449643e-08,4.5082086120806725e-08,1.5155690391566168e-07,0
constant_velocity__uneven_gaussian,drv_savgol,0.1527180999983102,200,ok,0.009517993811576255,0.01659444576435828,0.09342978555407555,6
constant_velocity__uneven_gaussian,drv_spline,0.009123899973928928,200,ok,0.0014859699542248417,0.0018006891580727956,0.0048544415069247115,3
constant_velocity__uneven_gaussian,drv_kalman,0.0805029000621289,200,ok,0.0129809870929059,0.015701958643135033,0.03151185430986869,3
constant_velocity__uneven_gaussian,pnd_savgol,0.007507299887947738,200,ok,0.01523120307891103,0.019488456817866862,0.06145698351225537,4
constant_velocity__uneven_gaussian,pnd_butter,0.001714400015771389,200,ok,0.05004697597518078,0.06697369864972552,0.29103790485436853,1
constant_velocity__uneven_gaussian,pnd_spectral,0.0007380000315606594,200,ok,0.163392993679606,0.33410310687508277,1.460342799764435,0
constant_velocity__uneven_gaussian,pnd_median,0.0006438000127673149,200,ok,0.41450451042148473,0.5486360140211968,2.299999999999977,0
constant_velocity__uneven_gaussian,pnd_tvr,0.07118970004376024,200,ok,0.00203158931414096,0.002504846450045128,0.004041332006255782,2
constant_velocity__uneven_uniformnoise,drv_savgol,0.1515699999872595,200,ok,0.005791624286939154,0.010117687273608185,0.033360327900717746,6
constant_velocity__uneven_uniformnoise,drv_spline,0.00731909996829927,200,ok,0.0037403960333464736,0.004852790559151257,0.013458977254781956,2
constant_velocity__uneven_uniformnoise,drv_kalman,0.0894986999919638,200,ok,0.006272757659232713,0.00877401987606395,0.02234752111489513,3
constant_velocity__uneven_uniformnoise,pnd_savgol,0.007775500067509711,200,ok,0.005882532215810676,0.009168795987364824,0.028476798240105072,4
constant_velocity__uneven_uniformnoise,pnd_butter,0.0015025000320747495,200,ok,0.03046862617147771,0.03950881021752154,0.18415254806900583,1
constant_velocity__uneven_uniformnoise,pnd_spectral,0.0008080999832600355,200,ok,0.16200641088530054,0.3300172004854791,1.4254239600327487,0
constant_velocity__uneven_uniformnoise,pnd_median,0.0006353999488055706,200,ok,0.2590283247199722,0.38332201689990153,2.3000000000000353,0
constant_velocity__uneven_uniformnoise,pnd_tvr,0.050709899980574846,200,ok,0.0008803559053206111,0.0012748913493893911,0.0027188823761061798,2
constant_velocity__uneven_outliers,drv_savgol,0.14910409995354712,200,ok,0.8618098337135913,1.8012005312289814,10.911959502956343,6
constant_velocity__uneven_outliers,drv_spline,0.010590699966996908,200,ok,65.52101894401319,247.04852283164738,1895.894550111702,5
constant_velocity__uneven_outliers,drv_kalman,0.07761699997354299,200,ok,0.9449682732652036,1.1555158551497755,2.372452540368697,3
constant_velocity__uneven_outliers,pnd_savgol,0.00799029995687306,200,ok,0.9845949746801519,1.457995712152809,4.954986819683137,4
constant_velocity__uneven_outliers,pnd_butter,0.001444400055333972,200,ok,1.4960472269172151,2.3224841827768663,12.565215724110654,0
constant_velocity__uneven_outliers,pnd_spectral,0.0007530999137088656,200,ok,1.754734068524449,2.169370607925308,4.858401847810657,0
constant_velocity__uneven_outliers,pnd_median,0.0006633000448346138,200,ok,2.2275397667779235,10.734341387603903,73.59466274907392,0
constant_velocity__uneven_outliers,pnd_tvr,0.2970893000019714,200,ok,10.454645217064822,25.117505036211686,129.3565660067544,2
constant_velocity__missing_noisy,drv_savgol,0.11900820001028478,156,ok,0.009261207698664387,0.015329004510060404,0.07240959708403283,6
constant_velocity__missing_noisy,drv_spline,0.006306800059974194,156,ok,0.0012734728808183576,0.0015001988419485906,0.0039073397861173476,2
constant_velocity__missing_noisy,drv_kalman,0.05640309990849346,156,ok,0.012961435192802857,0.01477090786620136,0.029071298424210745,3
constant_velocity__missing_noisy,pnd_savgol,0.00799920002464205,156,ok,0.011105025360890527,0.012629451176199234,0.023604067286263408,4
constant_velocity__missing_noisy,pnd_butter,0.0023355999728664756,156,ok,0.03799648627641593,0.05056541247560905,0.1871659790777338,1
constant_velocity__missing_noisy,pnd_spectral,0.009267300018109381,156,ok,0.16376484004231578,0.3472266956281867,1.3841721493777221,0
constant_velocity__missing_noisy,pnd_median,0.0006486000493168831,156,ok,0.3511962984374833,0.463134463870558,2.3000000000000274,0
constant_velocity__missing_noisy,pnd_tvr,0.060937799979001284,156,ok,0.0030376042929176074,0.0036744902507728004,0.0050459003663925195,2
constant_acceleration__clean_uniform,drv_savgol,0.1560221000108868,200,ok,4.443390100306033e-15,8.000754460164388e-15,5.3290705182007514e-14,6
constant_acceleration__clean_uniform,drv_spline,0.005216400022618473,200,ok,1.0507705816564794e-14,1.338796167023097e-14,3.907985046680551e-14,0
constant_acceleration__clean_uniform,drv_kalman,0.07433999993372709,200,ok,0.010957843732100025,0.045463435398459866,0.32063032108864,0
constant_acceleration__clean_uniform,pnd_savgol,0.0048723999643698335,200,ok,0.0009175038687390452,0.0068720877144312666,0.06519965655786564,0
constant_acceleration__clean_uniform,pnd_butter,0.0017809000564739108,200,ok,0.00038359133922255263,0.0025663801970901633,0.029718441208748447,3
constant_acceleration__clean_uniform,pnd_spectral,0.0008980999700725079,200,ok,0.6487007472339856,1.748525459598628,10.55188408125907,0
constant_acceleration__clean_uniform,pnd_median,0.000686699990183115,200,ok,0.21800251256284356,1.8506251942262262,17.500000000000142,0
constant_acceleration__clean_uniform,pnd_tvr,0.052935499930754304,200,ok,0.01173719912620757,0.05217555847942987,0.3612835427991865,0
constant_acceleration__uneven_clean,drv_savgol,0.15260369994211942,200,ok,4.538036613155327e-15,8.585847150505849e-15,7.105427357601002e-14,7
constant_acceleration__uneven_clean,drv_spline,0.005525100044906139,200,ok,6.4059868520871536e-15,7.620894649196405e-15,1.7763568394002505e-14,0
constant_acceleration__uneven_clean,drv_kalman,0.07818289997521788,200,ok,0.010700895516646965,0.044890034049764195,0.31724398427193423,0
constant_acceleration__uneven_clean,pnd_savgol,0.005053799948655069,200,ok,0.002387774316998229,0.008152746302453582,0.0705594891969541,0
constant_acceleration__uneven_clean,pnd_butter,0.0017402999801561236,200,ok,0.0029674003206701777,0.004995845278069843,0.04365852685709182,3
constant_acceleration__uneven_clean,pnd_spectral,0.0008015999337658286,200,ok,0.6524611728303874,1.7524726753310178,10.552440220762914,0
constant_acceleration__uneven_clean,pnd_median,0.0007277000695466995,200,ok,0.21834013834820062,1.8339186120773447,17.500000000000142,0
constant_acceleration__uneven_clean,pnd_tvr,0.052532600006088614,200,ok,0.015227916505689186,0.052346772086506566,0.36164175652978514,0
constant_acceleration__uneven_gaussian,drv_savgol,0.14975600002799183,200,ok,0.009517993811574284,0.016594445764359984,0.0934297855541324,6
constant_acceleration__uneven_gaussian,drv_spline,0.009192699915729463,200,ok,0.0014859699542137295,0.0018006891580585873,0.004854441506882523,3
constant_acceleration__uneven_gaussian,drv_kalman,0.07683899998664856,200,ok,0.047182665310139954,0.08116812073827875,0.4873863192322849,1
constant_acceleration__uneven_gaussian,pnd_savgol,0.007975799962878227,200,ok,0.032583095742590426,0.06949544407932,0.4563053963557113,3
constant_acceleration__uneven_gaussian,pnd_butter,0.0014584000455215573,200,ok,0.08277876885187821,0.1846401238062707,1.2241736338802696,1
constant_acceleration__uneven_gaussian,pnd_spectral,0.0008072999771684408,200,ok,0.6492541702166106,1.7459088157462241,10.524139722260738,0
constant_acceleration__uneven_gaussian,pnd_median,0.0006102999905124307,200,ok,0.6043542895970655,1.8949390870120666,17.499999999999858,0
constant_acceleration__uneven_gaussian,pnd_tvr,0.060401299968361855,200,ok,0.13924095525831123,0.1673601499070448,0.39771987357543637,0
constant_acceleration__uneven_uniformnoise,drv_savgol,0.15317860001232475,200,ok,0.005791624286939228,0.010117687273609668,0.03336032790071686,6
constant_acceleration__uneven_uniformnoise,drv_spline,0.007609199965372682,200,ok,0.003740396033333981,0.004852790559135531,0.0134589772547411,2
constant_acceleration__uneven_uniformnoise,drv_kalman,0.075271200039424,200,ok,0.03238451873301674,0.08384706326144309,0.4970858491232565,1
constant_acceleration__uneven_uniformnoise,pnd_savgol,0.0076997000724077225,200,ok,0.02486505863443214,0.04820886010354485,0.33339283447198653,2
constant_acceleration__uneven_uniformnoise,pnd_butter,0.0015662999358028173,200,ok,0.06543788402615369,0.1689663260790457,1.2473662412020161,1
constant_acceleration__uneven_uniformnoise,pnd_spectral,0.0007871999405324459,200,ok,0.6521690009466543,1.750632120796412,10.548294223864744,0
constant_acceleration__uneven_uniformnoise,pnd_median,0.000672499998472631,200,ok,0.4317008189446036,1.8492525034467042,17.5,0
constant_acceleration__uneven_uniformnoise,pnd_tvr,0.05293360003270209,200,ok,0.10410732448535395,0.1274054481843905,0.3571779964200559,0
constant_acceleration__uneven_outliers,drv_savgol,0.15371300000697374,200,ok,3.472404811903499,7.257398496941779,43.96647520496286,6
constant_acceleration__uneven_outliers,drv_spline,0.013802899979054928,200,ok,288.2012845306077,1159.6691151451976,9679.906653641174,5
constant_acceleration__uneven_outliers,drv_kalman,0.07642890000715852,200,ok,3.8005442308133386,4.649766706127162,9.176097245059523,3
constant_acceleration__uneven_outliers,pnd_savgol,0.008322299923747778,200,ok,3.9673061995354875,5.842496095936441,19.261787878248015,4
constant_acceleration__uneven_outliers,pnd_butter,0.001626300043426454,200,ok,6.099338426658202,9.47339007592821,51.81612175738527,0
constant_acceleration__uneven_outliers,pnd_spectral,0.0007996999192982912,200,ok,7.165416888292659,8.813545195040353,19.72742339415675,0
constant_acceleration__uneven_outliers,pnd_median,0.0006952000549063087,200,ok,9.109863497548934,44.22385955584139,297.0121210022076,0
constant_acceleration__uneven_outliers,pnd_tvr,0.197649700101465,200,ok,44.02528886175475,107.62880782931376,554.9131607448102,2
constant_acceleration__missing_noisy,drv_savgol,0.11857509997207671,156,ok,0.009261207698664457,0.015329004510065731,0.07240959708403238,6
constant_acceleration__missing_noisy,drv_spline,0.006441600038670003,156,ok,0.0012734728808169932,0.0015001988419474606,0.0039073397861173476,2
constant_acceleration__missing_noisy,drv_kalman,0.060919900075532496,156,ok,0.05208529485519577,0.0985912729086022,0.5918466476952127,1
constant_acceleration__missing_noisy,pnd_savgol,0.008254599990323186,156,ok,0.03236313915003205,0.05809039191769911,0.427885799252273,2
constant_acceleration__missing_noisy,pnd_butter,0.0016559000359848142,156,ok,0.06757008638606236,0.17094203059421845,1.1822655973504155,1
constant_acceleration__missing_noisy,pnd_spectral,0.0009229000424966216,156,ok,0.7792425350167901,1.8835574814419893,10.428218467262859,0
constant_acceleration__missing_noisy,pnd_median,0.0006137000164017081,156,ok,0.5238890894000786,1.756862500070973,17.49999999999989,0
constant_acceleration__missing_noisy,pnd_tvr,0.05078599997796118,156,ok,0.13470085244134505,0.1641886198942247,0.4247131035992413,0
polynomial__clean_uniform,drv_savgol,0.15363559999968857,200,ok,4.1331160595964866e-05,0.00019804411933262676,0.0010985386896891214,1
polynomial__clean_uniform,drv_spline,0.006570199970155954,200,ok,0.029851251362241614,0.07020845958107128,0.46994734463742205,0
polynomial__clean_uniform,drv_kalman,0.08952199993655086,200,ok,0.9262399058692058,5.437096895194292,54.516696471117825,0
polynomial__clean_uniform,pnd_savgol,0.0077006000792607665,200,ok,0.1552460055024664,0.8375612991753694,11.210027862481411,0
polynomial__clean_uniform,pnd_butter,0.0014688000082969666,200,ok,0.047681042868530206,0.34406575655465943,4.573572307045765,3
polynomial__clean_uniform,pnd_spectral,0.0008158000418916345,200,ok,31.97834911924343,100.15721668475044,757.3752958873624,1
polynomial__clean_uniform,pnd_median,0.0006313999183475971,200,ok,10.958600018856485,92.81082635317958,884.0000000000023,0
polynomial__clean_uniform,pnd_tvr,0.23320889996830374,200,ok,0.13115211462532655,1.0446614305388597,13.436673642507344,0
polynomial__uneven_clean,drv_savgol,0.15269540005829185,200,ok,0.0004673578057880623,0.000576768046430813,0.0016489626024949189,1
polynomial__uneven_clean,drv_spline,0.006465499987825751,200,ok,0.028858690824858136,0.06897131258171688,0.4604153578330803,0
polynomial__uneven_clean,drv_kalman,0.07766129996161908,200,ok,0.8999161757201005,5.359170867980017,53.15918313390421,0
polynomial__uneven_clean,pnd_savgol,0.0073890999192371964,200,ok,0.20641428155207653,0.992701149476952,12.109198296027216,0
polynomial__uneven_clean,pnd_butter,0.0017185000469908118,200,ok,0.12452234110307049,0.44198692005481144,3.400725456638156,2
polynomial__uneven_clean,pnd_spectral,0.0008038999512791634,200,ok,31.653349612981163,125.1226735399169,1193.6696790849885,2
polynomial__uneven_clean,pnd_median,0.0006624000379815698,200,ok,11.020416432985039,92.16141619150649,884.0000000000023,0
polynomial__uneven_clean,pnd_tvr,0.22072660003323108,200,ok,0.37395993618472445,1.2161686126751428,13.503603463740205,0
polynomial__uneven_gaussian,drv_savgol,0.15241939993575215,200,ok,0.04064334806817367,0.05473170645632237,0.30865802327831404,5
polynomial__uneven_gaussian,drv_spline,0.009276899974793196,200,ok,0.06903720117334636,0.08272944178659869,0.25341375173309766,2
polynomial__uneven_gaussian,drv_kalman,0.07392969995271415,200,ok,0.9353560535594779,5.3494602043669985,53.082796350859894,0
polynomial__uneven_gaussian,pnd_savgol,0.007463000016286969,200,ok,0.3008527626243669,1.0016053846386446,11.894284209591092,0
polynomial__uneven_gaussian,pnd_butter,0.00169039994943887,200,ok,0.19947925244325654,0.4610794365912904,3.3052302550123613,2
polynomial__uneven_gaussian,pnd_spectral,0.0007821000181138515,200,ok,31.653368864372563,125.13920724693365,1193.8172053239932,2
polynomial__uneven_gaussian,pnd_median,0.0008111000061035156,200,ok,11.266901493989726,92.1568863988009,883.9999999999977,0
polynomial__uneven_gaussian,pnd_tvr,0.23301299999002367,200,ok,0.5369733980751819,1.3236292477391014,14.067636035722217,0
polynomial__uneven_uniformnoise,drv_savgol,0.15290929994080216,200,ok,0.019942849323869763,0.028372846601978557,0.11255497352203747,5
polynomial__uneven_uniformnoise,drv_spline,0.008668499998748302,200,ok,0.13164318541350073,0.21501202009432965,1.0948335719458933,2
polynomial__uneven_uniformnoise,drv_kalman,0.08123030001297593,200,ok,0.9266936435092858,5.36426936113766,53.193796259735564,0
polynomial__uneven_uniformnoise,pnd_savgol,0.00755780003964901,200,ok,0.24532413943726716,1.00763299239287,12.212730163873857,0
polynomial__uneven_uniformnoise,pnd_butter,0.001478399964980781,200,ok,0.16617759470227297,0.43893466743368614,3.3071659491022274,2
polynomial__uneven_uniformnoise,pnd_spectral,0.0007492000004276633,200,ok,31.65277355270227,125.13112668032502,1193.7490404246878,2
polynomial__uneven_uniformnoise,pnd_median,0.0006305000279098749,200,ok,11.138235057906822,92.1579704059338,884.0000000000045,0
polynomial__uneven_uniformnoise,pnd_tvr,0.22241069993469864,200,ok,0.44094231005435963,1.2765313278586419,14.071473001590903,0
polynomial__uneven_outliers,drv_savgol,0.15377400000579655,200,ok,70.39390101753811,141.78336484179476,848.9525049845201,6
polynomial__uneven_outliers,drv_spline,0.0171347000868991,200,ok,5567.690935768229,22749.983421014724,191616.5049946964,3
polynomial__uneven_outliers,drv_kalman,0.08368550008162856,200,ok,80.47780615963245,104.8802990049233,332.1332190525085,3
polynomial__uneven_outliers,pnd_savgol,0.01035950006917119,200,ok,80.50262833337246,120.14294851211625,385.0094272602223,4
polynomial__uneven_outliers,pnd_butter,0.001623300020582974,200,ok,125.39659861629636,188.48313712776704,994.9840481396004,0
polynomial__uneven_outliers,pnd_spectral,0.0008196000708267093,200,ok,153.53755449046534,191.27241495398192,557.26514797152,0
polynomial__uneven_outliers,pnd_median,0.0007087999256327748,200,ok,147.41088364398829,757.4050503711136,8794.250796002258,3
polynomial__uneven_outliers,pnd_tvr,0.19425699999555945,200,ok,1084.107825666245,3204.385264889206,14449.11426242269,2
polynomial__missing_noisy,drv_savgol,0.1219480000436306,156,ok,0.04235012006207099,0.07253450567603861,0.6915575610020266,5
polynomial__missing_noisy,drv_spline,0.006907000089995563,156,ok,0.10799674990762512,0.18059204884955712,1.1229654650856378,2
polynomial__missing_noisy,drv_kalman,0.054534299997612834,156,ok,1.0842624883960776,5.892671401703837,59.82922566647892,0
polynomial__missing_noisy,pnd_savgol,0.008259700029157102,156,ok,0.3888262864112772,1.2072862885147515,14.00797973953945,0
polynomial__missing_noisy,pnd_butter,0.0016275999369099736,156,ok,0.24211507649809574,0.48468589093486625,2.6571175229362325,2
polynomial__missing_noisy,pnd_spectral,0.0010387999936938286,156,ok,34.13025677766285,121.81321412415421,1170.7365516469572,2
polynomial__missing_noisy,pnd_median,0.0006785999285057187,156,ok,11.016338928335452,85.79603858306209,883.9999999999982,0
polynomial__missing_noisy,pnd_tvr,0.21445269999094307,156,ok,0.7174690207180199,1.6598382760792965,15.140243605318915,0
sinusoidal__clean_uniform,drv_savgol,0.15093409991823137,200,ok,0.00022649229762699552,0.0003486247208392108,0.0017575650633743223,1
sinusoidal__clean_uniform,drv_spline,0.006334800040349364,200,ok,0.03390244103979677,0.048722772174636525,0.262565900332294,0
sinusoidal__clean_uniform,drv_kalman,0.07831749995239079,200,ok,0.028079386815675483,0.08254624791044866,0.5507780768580361,0
sinusoidal__clean_uniform,pnd_savgol,0.008243999909609556,200,ok,0.015702661818117053,0.018915955444932395,0.09099962204714052,0
sinusoidal__clean_uniform,pnd_butter,0.001617399975657463,200,ok,0.0026397207820108457,0.003907115230853036,0.029823692530163814,3
sinusoidal__clean_uniform,pnd_spectral,0.0008106000022962689,200,ok,0.09960277804521152,0.38833348778416543,3.582727351867323,3
sinusoidal__clean_uniform,pnd_median,0.0006891000084578991,200,ok,0.01129291440866798,0.028271903575496506,0.11117024062831068,0
sinusoidal__clean_uniform,pnd_tvr,0.053556500002741814,200,ok,0.008388745554365348,0.02236426333080924,0.18952911618771706,0
sinusoidal__uneven_clean,drv_savgol,0.15423529990948737,200,ok,0.000745633844344844,0.0009638186201343425,0.003146147525253662,1
sinusoidal__uneven_clean,drv_spline,0.006430799956433475,200,ok,0.032750361074815604,0.04569264046017717,0.2278894313819868,0
sinusoidal__uneven_clean,drv_kalman,0.11560460005421191,200,ok,0.027886088882282917,0.08121969589238738,0.5353049276668187,0
sinusoidal__uneven_clean,pnd_savgol,0.007833199924789369,200,ok,0.0199072248139046,0.02338053396044721,0.09995240552582141,0
sinusoidal__uneven_clean,pnd_butter,0.0015676000621169806,200,ok,0.00822708211414482,0.012898430260351486,0.09369730984056801,2
sinusoidal__uneven_clean,pnd_spectral,0.0008191000670194626,200,ok,0.09933521135845153,0.40884447215479514,3.5838017828511863,3
sinusoidal__uneven_clean,pnd_median,0.0006829999620094895,200,ok,0.016692606004298276,0.02625019665244949,0.10734896903059404,0
sinusoidal__uneven_clean,pnd_tvr,0.05280930001754314,200,ok,0.015433362591920746,0.027258744192911133,0.20348017616264968,0
sinusoidal__uneven_gaussian,drv_savgol,0.15546010003890842,200,ok,0.045224476925983075,0.05937451817001889,0.24351599644787703,5
sinusoidal__uneven_gaussian,drv_spline,0.009808900067582726,200,ok,0.07017029615171955,0.08925118113667775,0.20626798035108784,2
sinusoidal__uneven_gaussian,drv_kalman,0.07553949998691678,200,ok,0.05870844374282786,0.09554180235413241,0.6108791937853677,0
sinusoidal__uneven_gaussian,pnd_savgol,0.008008299977518618,200,ok,0.0833268468412332,0.12732296383396763,0.8349962903580508,1
sinusoidal__uneven_gaussian,pnd_butter,0.0015666999388486147,200,ok,0.056942867484968504,0.09612775965940719,0.62228534519093,1
sinusoidal__uneven_gaussian,pnd_spectral,0.0008432000176981091,200,ok,0.1560916317804066,0.33418114394155396,1.9909268492968633,1
sinusoidal__uneven_gaussian,pnd_median,0.0008723000064492226,200,ok,0.3380153959453138,0.4312140690567936,1.380039856061342,1
sinusoidal__uneven_gaussian,pnd_tvr,0.06287180003710091,200,ok,0.18790559292872494,0.2355530093772259,0.6515737924897298,1
sinusoidal__uneven_uniformnoise,drv_savgol,0.15503699996042997,200,ok,0.042480277514906406,0.04885754521419483,0.11162384532345504,5
sinusoidal__uneven_uniformnoise,drv_spline,0.008600700064562261,200,ok,0.1402151301475741,0.26424662928456055,1.5758424604352572,2
sinusoidal__uneven_uniformnoise,drv_kalman,0.06812260008882731,200,ok,0.049618946462617705,0.0929530089547959,0.5699180534966115,0
sinusoidal__uneven_uniformnoise,pnd_savgol,0.00808090006466955,200,ok,0.06601980165479947,0.07853698482114177,0.25951539986346406,1
sinusoidal__uneven_uniformnoise,pnd_butter,0.0015352999325841665,200,ok,0.04544773204002867,0.0738628266499451,0.49225806478122514,1
sinusoidal__uneven_uniformnoise,pnd_spectral,0.0007920999778434634,200,ok,0.144334083062188,0.33593592700325364,1.9685160215031388,1
sinusoidal__uneven_uniformnoise,pnd_median,0.0006581000052392483,200,ok,0.22786936704416,0.29396453254430616,1.7735206753197827,0
sinusoidal__uneven_uniformnoise,pnd_tvr,0.058048299979418516,200,ok,0.12376678352542424,0.16035749523658224,0.4699461965112861,1
sinusoidal__uneven_outliers,drv_savgol,0.1561758000170812,200,ok,0.4666587130218733,0.5343269694460735,1.226447222499388,7
sinusoidal__uneven_outliers,drv_spline,0.008929400006309152,200,ok,3.988552024936145,11.864022598036836,66.78628846557542,5
sinusoidal__uneven_outliers,drv_kalman,0.08570379996672273,200,ok,0.4211890346459857,0.5684073939578077,1.8189763963348367,1
sinusoidal__uneven_outliers,pnd_savgol,0.00911029998678714,200,ok,0.44810734547374226,0.5245191535103628,1.2149361154534164,3
sinusoidal__uneven_outliers,pnd_butter,0.0016114999307319522,200,ok,0.3458995502335266,0.4368866862755066,1.435779922381046,0
sinusoidal__uneven_outliers,pnd_spectral,0.0007804000051692128,200,ok,0.38060238620952946,0.5113108314730294,1.6670636712379312,0
sinusoidal__uneven_outliers,pnd_median,0.0006371999625116587,200,ok,0.21514864399731334,0.4612964371766837,2.3218209891111603,1
sinusoidal__uneven_outliers,pnd_tvr,0.07455789996311069,200,ok,1.6549361621384429,3.6556912681032783,18.61828453134418,2
sinusoidal__missing_noisy,drv_savgol,0.12289799994323403,156,ok,0.04765250248034921,0.07602955405977545,0.6365233406389825,5
sinusoidal__missing_noisy,drv_spline,0.007386900018900633,156,ok,0.11520858143991901,0.1903361393247831,1.1290530709933408,2
sinusoidal__missing_noisy,drv_kalman,0.05975029990077019,156,ok,0.058642509021578526,0.10122796343291386,0.666252875002868,0
sinusoidal__missing_noisy,pnd_savgol,0.008161199977621436,156,ok,0.07820404472086184,0.108879127726709,0.6300457759861353,1
sinusoidal__missing_noisy,pnd_butter,0.0017510000616312027,156,ok,0.051267714022489384,0.09321307370800444,0.622144648474662,1
sinusoidal__missing_noisy,pnd_spectral,0.0009709000587463379,156,ok,0.14277664310719668,0.2971330513857589,2.2711541098505634,2
sinusoidal__missing_noisy,pnd_median,0.0006210999563336372,156,ok,0.29184656784950674,0.3682799622472792,1.2182639714043835,0
sinusoidal__missing_noisy,pnd_tvr,0.05098329996690154,156,ok,0.17522736189093033,0.21941668709408668,0.6268943437211423,1
exponential__clean_uniform,drv_savgol,0.1544042999157682,200,ok,1.4666415996381077e-06,7.295237711733476e-06,5.787444621319082e-05,1
exponential__clean_uniform,drv_spline,0.005930199986323714,200,ok,0.01502985167447918,0.02264886985234119,0.1156545603603103,0
exponential__clean_uniform,drv_kalman,0.07874789997003973,200,ok,0.010329158767745381,0.05887416427225558,0.5918754985683883,0
exponential__clean_uniform,pnd_savgol,0.00903620000462979,200,ok,0.0016658594027001187,0.009155041556092708,0.1226195080805148,0
exponential__clean_uniform,pnd_butter,0.0015457000117748976,200,ok,0.0005269439172865764,0.0038335548253967773,0.05093778082334666,3
exponential__clean_uniform,pnd_spectral,0.0007869999390095472,200,ok,0.3348182837570766,1.0493875858338058,7.945085042936455,1
exponential__clean_uniform,pnd_median,0.0006739000091329217,200,ok,0.11461629207951261,0.9730519954883574,9.27232654843381,0
exponential__clean_uniform,pnd_tvr,0.11790920002385974,200,ok,0.0036583660652127936,0.02742137681442198,0.3365900491591578,0
exponential__uneven_clean,drv_savgol,0.15553880005609244,200,ok,7.699759727713418e-06,1.3154276728504101e-05,6.200621101726256e-05,1
exponential__uneven_clean,drv_spline,0.006197099923156202,200,ok,0.01499159095629643,0.022710834587523748,0.11827847307378825,0
exponential__uneven_clean,drv_kalman,0.07412590004969388,200,ok,0.010033048201494048,0.058058350402559265,0.5772270457723021,0
exponential__uneven_clean,pnd_savgol,0.009228000068105757,200,ok,0.0021389166956866977,0.01081415636112326,0.13237539740192794,0
exponential__uneven_clean,pnd_butter,0.0016667000018060207,200,ok,0.0012733736873757782,0.00431507607740597,0.03591332561076932,2
exponential__uneven_clean,pnd_spectral,0.0008472999325022101,200,ok,0.3310367986935248,1.3110756298437414,12.508650767860942,2
exponential__uneven_clean,pnd_median,0.0007001999765634537,200,ok,0.11518451730806577,0.9663569245264727,9.27232654843381,0
exponential__uneven_clean,pnd_tvr,0.11949690000619739,200,ok,0.006241564412364064,0.030240816853484367,0.34384011304646656,0
exponential__uneven_gaussian,drv_savgol,0.15467109996825457,200,ok,0.020575638364404715,0.0321377832312833,0.19591918565183875,7
exponential__uneven_gaussian,drv_spline,0.00960649992339313,200,ok,0.012071480936621333,0.019020940270367468,0.11212756245798694,2
exponential__uneven_gaussian,drv_kalman,0.0785648999735713,200,ok,0.044092400260307814,0.09466223423035276,0.7974948594136713,1
exponential__uneven_gaussian,pnd_savgol,0.00855759996920824,200,ok,0.034821941361360347,0.08222257521292707,0.6997075167803484,3
exponential__uneven_gaussian,pnd_butter,0.0015882999869063497,200,ok,0.0695616923683505,0.1320906230213804,0.9243421648418497,1
exponential__uneven_gaussian,pnd_spectral,0.0007884000660851598,200,ok,0.3400304049965628,0.9204992418573776,5.754078662069185,0
exponential__uneven_gaussian,pnd_median,0.0006764999125152826,200,ok,0.43587400062758114,1.0466311407325577,9.272326548433917,0
exponential__uneven_gaussian,pnd_tvr,0.0942161000566557,200,ok,0.09760661252436123,0.14347451516211018,0.6606826989310921,1
exponential__uneven_uniformnoise,drv_savgol,0.15233019995503128,200,ok,0.008195976294755875,0.010600025122175736,0.026775290800462703,7
exponential__uneven_uniformnoise,drv_spline,0.007941499934531748,200,ok,0.05673380491925353,0.11267217343695883,0.605087766520997,2
exponential__uneven_uniformnoise,drv_kalman,0.0741771999746561,200,ok,0.033202193428083664,0.10546672288869068,0.8935126969512446,1
exponential__uneven_uniformnoise,pnd_savgol,0.008351500029675663,200,ok,0.02591999404262273,0.060538252032282434,0.5491003718817371,2
exponential__uneven_uniformnoise,pnd_butter,0.0017093999776989222,200,ok,0.05120886766802313,0.11296352109690366,0.9475347721623599,1
exponential__uneven_uniformnoise,pnd_spectral,0.0008012000471353531,200,ok,0.34129942977555644,1.057415831260474,7.980192225355793,1
exponential__uneven_uniformnoise,pnd_median,0.0006780000403523445,200,ok,0.31578127082421387,0.9948725386623626,9.272326548433881,0
exponential__uneven_uniformnoise,pnd_tvr,0.11643779999576509,200,ok,0.07840670988864465,0.11398402813737567,0.6689020084292157,1
exponential__uneven_outliers,drv_savgol,0.16506620007567108,200,ok,0.917232015919013,1.875074408539887,11.235619475243865,6
exponential__uneven_outliers,drv_spline,0.01389299996662885,200,ok,67.81277420603028,256.60629809539154,1981.5980733172862,5
exponential__uneven_outliers,drv_kalman,0.08228919992689043,200,ok,1.0373314767297381,1.3297009606490562,3.9151471393586643,3
exponential__uneven_outliers,pnd_savgol,0.009216399979777634,200,ok,1.0479683872308403,1.5610094408480468,5.048014616773427,4
exponential__uneven_outliers,pnd_butter,0.0014657999854534864,200,ok,1.6180689260465995,2.4523592363563664,13.144883251779369,0
exponential__uneven_outliers,pnd_spectral,0.0007447999669238925,200,ok,1.9588045544289816,2.414194339921199,5.877395407273575,0
exponential__uneven_outliers,pnd_median,0.0006570999976247549,200,ok,2.376464956297381,14.121483488107309,169.5027954896487,3
exponential__uneven_outliers,pnd_tvr,0.21980940003413707,200,ok,12.67392653029137,33.08598441336758,166.73185553374438,2
exponential__missing_noisy,drv_savgol,0.12352569994982332,156,ok,0.022162653583284425,0.033103816930004276,0.16428557230293706,7
exponential__missing_noisy,drv_spline,0.0073769999435171485,156,ok,0.039681383224776476,0.07614289203501853,0.42196910325657555,2
exponential__missing_noisy,drv_kalman,0.05677110003307462,156,ok,0.04930937379975523,0.10952267864484104,0.9253755459913187,1
exponential__missing_noisy,pnd_savgol,0.008400299935601652,156,ok,0.02985706464964464,0.05057987168588517,0.4349320859005683,2
exponential__missing_noisy,pnd_butter,0.0015263999812304974,156,ok,0.055475401686070513,0.11573101522163047,0.9305150959227184,1
exponential__missing_noisy,pnd_spectral,0.0009199000196531415,156,ok,0.38619988158088475,0.9904914662425494,5.768601523848462,0
exponential__missing_noisy,pnd_median,0.000624899985268712,156,ok,0.397393600886386,0.9709328621040654,9.272326548433817,0
exponential__missing_noisy,pnd_tvr,0.06507779995445162,156,ok,0.09134569933956185,0.12470355294172526,0.6037413219798182,1
projectile__clean_uniform,drv_savgol,0.15427349996753037,200,ok,2.6022239918432887e-14,4.9597135874082896e-14,3.410605131648481e-13,7
projectile__clean_uniform,drv_spline,0.005930099985562265,200,ok,6.701583732393601e-14,8.531598136267108e-14,2.4513724383723456e-13,0
projectile__clean_uniform,drv_kalman,0.07780440000351518,200,ok,0.06323320412286292,0.2623507654524278,1.8502255587594307,0
projectile__clean_uniform,pnd_savgol,0.005237599951215088,200,ok,0.0052945370307752515,0.039655988516882235,0.37624037107923414,0
projectile__clean_uniform,pnd_butter,0.0017054000636562705,200,ok,0.0022371550092381014,0.015012721577702809,0.16966722043359717,3
projectile__clean_uniform,pnd_spectral,0.0010384999914094806,200,ok,3.523260312647541,8.937904657073801,53.664788037225506,0
projectile__clean_uniform,pnd_median,0.0007948999991640449,200,ok,1.1108692784944811,9.398194085500652,88.90746668257171,0
projectile__clean_uniform,pnd_tvr,0.054874800029210746,200,ok,0.05661799327739954,0.26453228214589736,1.888239262529499,0
projectile__uneven_clean,drv_savgol,0.15951140003744513,200,ok,2.3645382526971126e-14,5.62390580164133e-14,6.536993168992922e-13,7
projectile__uneven_clean,drv_spline,0.005895699956454337,200,ok,1.0397127603312129e-13,1.3607633820297038e-13,3.836930773104541e-13,0
projectile__uneven_clean,drv_kalman,0.07339629996567965,200,ok,0.06175042155562477,0.2590419021852008,1.8306844035963268,0
projectile__uneven_clean,pnd_savgol,0.009529400034807622,200,ok,0.013778862382292595,0.04704614189867787,0.4071697582483029,0
projectile__uneven_clean,pnd_butter,0.0016494999872520566,200,ok,0.01719060736270575,0.029070388730602637,0.25010971467492027,3
projectile__uneven_clean,pnd_spectral,0.0007830000249668956,200,ok,3.538143431468951,8.957793738350986,53.66799728930359,0
projectile__uneven_clean,pnd_median,0.0006252999883145094,200,ok,1.1145192283772463,9.314419610640073,88.90746668257171,0
projectile__uneven_clean,pnd_tvr,0.05425359995570034,200,ok,0.07736895569430038,0.2665197986551246,1.8883076518329789,0
projectile__uneven_gaussian,drv_savgol,0.15754599997308105,200,ok,0.009517993811584064,0.016594445764342214,0.09342978555385173,6
projectile__uneven_gaussian,drv_spline,0.009560700040310621,200,ok,0.001485969954311453,0.001800689158178957,0.00485444150720582,3
projectile__uneven_gaussian,drv_kalman,0.07899079995695502,200,ok,0.10132982746842298,0.2790337999866632,1.9338186898165244,0
projectile__uneven_gaussian,pnd_savgol,0.008555899956263602,200,ok,0.07671597535496452,0.15842017582954104,1.4404750776598236,1
projectile__uneven_gaussian,pnd_butter,0.0014733000425621867,200,ok,0.1353445739302667,0.23066295715601406,1.6083333627199465,2
projectile__uneven_gaussian,pnd_spectral,0.0007224000291898847,200,ok,3.549974101632557,8.966162610365497,53.696297787805364,0
projectile__uneven_gaussian,pnd_median,0.0006222999654710293,200,ok,1.4927182041740996,9.334580102413238,88.90746668257341,0
projectile__uneven_gaussian,pnd_tvr,0.05408729996997863,200,ok,0.3189814805237084,0.426836550740477,1.9240164352918763,0
projectile__uneven_uniformnoise,drv_savgol,0.15496230009011924,200,ok,0.005791624286938122,0.010117687273599215,0.03336032790072352,6
projectile__uneven_uniformnoise,drv_spline,0.007549300091341138,200,ok,0.0037403960334052274,0.004852790559224657,0.013458977254984461,2
projectile__uneven_uniformnoise,drv_kalman,0.0728459000820294,200,ok,0.08486276682195257,0.25950116272202994,1.8479813034116948,0
projectile__uneven_uniformnoise,pnd_savgol,0.008473500027321279,200,ok,0.05315374435661569,0.10904204568011358,0.8419534506689086,1
projectile__uneven_uniformnoise,pnd_butter,0.0015567999798804522,200,ok,0.08824665482532597,0.1826094275528213,1.6482544081378734,2
projectile__uneven_uniformnoise,pnd_spectral,0.0007860000478103757,200,ok,3.541863464726897,8.96000399175535,53.67214328620151,0
projectile__uneven_uniformnoise,pnd_median,0.0006887000054121017,200,ok,1.3204136788116252,9.323140277281162,88.90746668257285,0
projectile__uneven_uniformnoise,pnd_tvr,0.060075300047174096,200,ok,0.2241352227692461,0.33749731167696995,1.9111625963253385,0
projectile__uneven_outliers,drv_savgol,0.15952320001088083,200,ok,15.679047545715997,32.76953646121147,198.52306758504542,6
projectile__uneven_outliers,drv_spline,0.016833500005304813,200,ok,1315.8609142292223,5410.57003845722,45882.855455326426,4
projectile__uneven_outliers,drv_kalman,0.08425439998973161,200,ok,17.233480036099767,21.148192235172164,45.40908289840467,3
projectile__uneven_outliers,pnd_savgol,0.010041199973784387,200,ok,17.911885531636504,26.73260318928511,94.20273735464511,4
projectile__uneven_outliers,pnd_butter,0.001618299982510507,200,ok,29.097215378098753,43.399221333565485,229.8949394281673,0
projectile__uneven_outliers,pnd_spectral,0.0008058999665081501,200,ok,30.27754391847108,38.65111838805375,89.72176715112607,0
projectile__uneven_outliers,pnd_median,0.0007102999370545149,200,ok,5.030483596716562,16.613766042403565,88.90746668257285,1
projectile__uneven_outliers,pnd_tvr,0.1922517999773845,200,ok,204.761893149484,510.9681697982282,2625.529829995133,2
projectile__missing_noisy,drv_savgol,0.12283860007300973,156,ok,0.009261207698660057,0.015329004510022691,0.07240959708387606,6
projectile__missing_noisy,drv_spline,0.006611899938434362,156,ok,0.0012734728807842033,0.00150019884190328,0.003907339785968134,2
projectile__missing_noisy,drv_kalman,0.061468099942430854,156,ok,0.11296036984656344,0.30442958241426615,2.1325501268101306,0
projectile__missing_noisy,pnd_savgol,0.008646200061775744,156,ok,0.07804039157294043,0.18271653938571017,1.4000294880434163,1
projectile__missing_noisy,pnd_butter,0.0014550999039784074,156,ok,0.11388600598142098,0.19869386536993444,1.3838066619371618,2
projectile__missing_noisy,pnd_spectral,0.0009618999902158976,156,ok,3.8273505209079177,13.215082446736053,124.92970520217463,2
projectile__missing_noisy,pnd_median,0.0006351000629365444,156,ok,1.3863081635732337,8.68825015429519,88.90746668257184,0
projectile__missing_noisy,pnd_tvr,0.04835520009510219,156,ok,0.3203019460293015,0.4367721726113098,2.2126899932875244,0
circular__clean_uniform,drv_savgol,0.15587020001839846,200,ok,7.774125054836927e-05,0.0001554861738070747,0.0009309411455766169,1
circular__clean_uniform,drv_spline,0.006507299956865609,200,ok,0.02605914886183986,0.035284821120780845,0.1573954548226896,0
circular__clean_uniform,drv_kalman,0.08031559991650283,200,ok,0.02660729316286024,0.10333558200584707,0.8169374495235726,0
circular__clean_uniform,pnd_savgol,0.008792100008577108,200,ok,0.010995918318066865,0.01855508944182594,0.16344349818330028,0
circular__clean_uniform,pnd_butter,0.0015718999784439802,200,ok,0.0024881617182760606,0.007781214126038684,0.07574744517416311,3
circular__clean_uniform,pnd_spectral,0.0007479999912902713,200,ok,0.15661808011898248,0.24324968435850436,0.9015310506133651,0
circular__clean_uniform,pnd_median,0.0007062000222504139,200,ok,0.03255779305078212,0.21818441735893465,2.1112289407255487,0
circular__clean_uniform,pnd_tvr,0.05153599998448044,200,ok,0.010742492730941092,0.03952646020197637,0.3676841770755282,0
circular__uneven_clean,drv_savgol,0.1583847999572754,200,ok,0.00026532827137724306,0.0003497282134713043,0.0010227388876755672,1
circular__uneven_clean,drv_spline,0.0066775999730452895,200,ok,0.025887017476823808,0.03566940274104914,0.17706409103542692,0
circular__uneven_clean,drv_kalman,0.07543660001829267,200,ok,0.025992462906500032,0.1022242600096447,0.8083796635794834,0
circular__uneven_clean,pnd_savgol,0.008894500089809299,200,ok,0.0136223286438136,0.02203808405877149,0.1772381906987843,0
circular__uneven_clean,pnd_butter,0.0016153999604284763,200,ok,0.007249905956376208,0.012986285450834596,0.1110357415988366,3
circular__uneven_clean,pnd_spectral,0.0008145999163389206,200,ok,0.15636493157389914,0.24352122310451096,0.8999886609279291,0
circular__uneven_clean,pnd_median,0.000694400048814714,200,ok,0.03638188708641275,0.21246197265942637,2.0550543131915386,0
circular__uneven_clean,pnd_tvr,0.05103650002274662,200,ok,0.01645764097015935,0.04455970544010221,0.3909318977461635,0
circular__uneven_gaussian,drv_savgol,0.15890879998914897,200,ok,0.041083103720728854,0.054356800289670805,0.32696413887229564,5
circular__uneven_gaussian,drv_spline,0.010488700005225837,200,ok,0.06063288290108668,0.07738641139797309,0.33561884236919864,2
circular__uneven_gaussian,drv_kalman,0.08208820002619177,200,ok,0.06789718226081551,0.129023624311901,0.9115139498585938,0
circular__uneven_gaussian,pnd_savgol,0.009244899963960052,200,ok,0.08161095822404965,0.12655950427908644,0.991483639518625,1
circular__uneven_gaussian,pnd_butter,0.001589599996805191,200,ok,0.06359729288675763,0.11689419627950122,0.9511592025927771,1
circular__uneven_gaussian,pnd_spectral,0.0008728000102564692,200,ok,0.1491332378910166,0.23486270617510904,0.8707309938591821,0
circular__uneven_gaussian,pnd_median,0.0006975999567657709,200,ok,0.3813218265958372,0.5154108402719848,2.05505431319154,0
circular__uneven_gaussian,pnd_tvr,0.054273399990051985,200,ok,0.1656134331425318,0.21491716714417095,0.8994725002734227,1
circular__uneven_uniformnoise,drv_savgol,0.1596829000627622,200,ok,0.018477751515032982,0.023443836858819317,0.06749142103784367,5
circular__uneven_uniformnoise,drv_spline,0.009541499894112349,200,ok,0.0996216061164938,0.1327605315076416,0.5305449804470754,2
circular__uneven_uniformnoise,drv_kalman,0.07379330007825047,200,ok,0.04897786734942082,0.10687962270754982,0.8256765635337902,0
circular__uneven_uniformnoise,pnd_savgol,0.008824200020171702,200,ok,0.05069503429548411,0.0694746221859329,0.39296201252772206,1
circular__uneven_uniformnoise,pnd_butter,0.0016391000244766474,200,ok,0.04222965590340248,0.0850519960474296,0.7225438061798205,1
circular__uneven_uniformnoise,pnd_spectral,0.0007269999478012323,200,ok,0.15466137941902938,0.24292520496748363,0.8941541750440403,0
circular__uneven_uniformnoise,pnd_median,0.0006789999315515161,200,ok,0.2391004591807243,0.33460864457390727,2.0550543131915373,0
circular__uneven_uniformnoise,pnd_tvr,0.05357690004166216,200,ok,0.11837879143657214,0.15673327407542192,0.6448384333801453,1
circular__uneven_outliers,drv_savgol,0.15707459999248385,200,ok,0.4798636832441046,0.6180433355911948,1.803605007882752,7
circular__uneven_outliers,drv_spline,0.010312999947927892,200,ok,12.513248753818823,39.34357256266841,278.7154828720895,5
circular__uneven_outliers,drv_kalman,0.07458520005457103,200,ok,0.5195889699415686,0.736924981660465,3.1824233910627946,3
circular__uneven_outliers,pnd_savgol,0.008979900041595101,200,ok,0.472959979383353,0.5651316960745156,1.1528189779474136,3
circular__uneven_outliers,pnd_butter,0.0017189999343827367,200,ok,0.4753713210238575,0.6596307246704282,3.098866097744958,0
circular__uneven_outliers,pnd_spectral,0.0008844999829307199,200,ok,0.5762461630089407,0.689127386204836,1.505946771933484,0
circular__uneven_outliers,pnd_median,0.0007446000818163157,200,ok,0.7805143401765261,2.4319681050588646,26.74783474001713,2
circular__uneven_outliers,pnd_tvr,0.09415120002813637,200,ok,3.1484300735926047,7.285559332593511,37.224962014405534,2
circular__missing_noisy,drv_savgol,0.12481810001190752,156,ok,0.04475774101649582,0.07437361524601724,0.7070113031353195,5
circular__missing_noisy,drv_spline,0.0076024000300094485,156,ok,0.08373635262211258,0.10097577103794446,0.28133951408784785,2
circular__missing_noisy,drv_kalman,0.05060830002184957,156,ok,0.07195934817758992,0.13718009813061016,0.9719708006587517,0
circular__missing_noisy,pnd_savgol,0.009358800016343594,156,ok,0.0872731249118804,0.12455699015208535,0.8228361157371946,1
circular__missing_noisy,pnd_butter,0.0016620999667793512,156,ok,0.06466870118785642,0.1269395648078041,0.9873203855302298,1
circular__missing_noisy,pnd_spectral,0.00109779997728765,156,ok,0.17515615729553588,0.2583685209222577,0.8747360465125023,0
circular__missing_noisy,pnd_median,0.0006941000465303659,156,ok,0.3273330194821592,0.4312269672283062,1.931662504801562,0
circular__missing_noisy,pnd_tvr,0.05061879998538643,156,ok,0.17417415735792516,0.22917573966526023,0.9467669383401842,1
chaotic__clean_uniform,drv_savgol,0.1594030000269413,200,ok,4.612357594009491,7.693019876222752,45.233514201413925,1
chaotic__clean_uniform,drv_spline,0.011902700061909854,200,ok,0.21455909992967634,0.35203702342626736,2.793092455597872,0
chaotic__clean_uniform,drv_kalman,0.073365299962461,200,ok,18.986390830309784,24.102911632498053,87.27066120016289,0
chaotic__clean_uniform,pnd_savgol,0.008378200000151992,200,ok,7.425043397749673,11.270745633424335,57.565252380240274,0
chaotic__clean_uniform,pnd_butter,0.0014758999459445477,200,ok,2.5625117904204817,4.593029839661442,28.504300567026164,3
chaotic__clean_uniform,pnd_spectral,0.0007286999607458711,200,ok,1.7712306254129098,2.8420545191179296,15.038602218024145,3
chaotic__clean_uniform,pnd_median,0.0006364000728353858,200,ok,4.912144963666076,9.363079396882156,54.83658409950236,0
chaotic__clean_uniform,pnd_tvr,0.05651120003312826,200,ok,1.3641365413771536,2.3132496988157656,13.632250086569954,0
chaotic__uneven_clean,drv_savgol,0.1509985999437049,200,ok,4.806722965384066,7.854575789054996,40.93628652638162,1
chaotic__uneven_clean,drv_spline,0.010886500007472932,200,ok,0.4984097630042349,1.2822441533264295,13.80352798943165,0
chaotic__uneven_clean,drv_kalman,0.08099960000254214,200,ok,18.7867415719019,24.23932774468326,88.19093431887913,0
chaotic__uneven_clean,pnd_savgol,0.008944600005634129,200,ok,8.348461791551703,12.537517621965454,58.570479562288014,0
chaotic__uneven_clean,pnd_butter,0.0016468000831082463,200,ok,3.906350519290661,6.60258876742377,37.63958113367988,3
chaotic__uneven_clean,pnd_spectral,0.0008276000153273344,200,ok,2.335402260365058,4.149716048338781,28.484052317218755,3
chaotic__uneven_clean,pnd_median,0.0007347000064328313,200,ok,5.800596301027628,9.435845470263555,59.38370004079178,0
chaotic__uneven_clean,pnd_tvr,0.06274159997701645,200,ok,3.1492786651566655,5.226226988915355,27.928691487710864,0
chaotic__uneven_gaussian,drv_savgol,0.15882119990419596,200,ok,4.844281108285668,7.911130922822545,41.27794061283802,1
chaotic__uneven_gaussian,drv_spline,0.012115600053220987,200,ok,1.0797309022984027,1.5747669275550469,12.60262559809119,2
chaotic__uneven_gaussian,drv_kalman,0.0729091000976041,200,ok,18.782686120947073,24.240929375206,88.17042159476935,0
chaotic__uneven_gaussian,pnd_savgol,0.008370800060220063,200,ok,8.36325911918517,12.575396767474414,58.75742971360137,0
chaotic__uneven_gaussian,pnd_butter,0.001638100016862154,200,ok,3.9620607584791774,6.679672760131833,38.07300598780852,3
chaotic__uneven_gaussian,pnd_spectral,0.0008634000550955534,200,ok,2.402311731421242,4.2605353534711625,28.968597636421805,3
chaotic__uneven_gaussian,pnd_median,0.0006785999285057187,200,ok,5.812108794828719,9.510244917831054,59.775286381713684,0
chaotic__uneven_gaussian,pnd_tvr,0.06307050003670156,200,ok,3.2533185151415456,5.331275259314874,28.30814343207912,0
chaotic__uneven_uniformnoise,drv_savgol,0.15764360001776367,200,ok,4.8118221170646684,7.86924702859403,41.22556754044362,1
chaotic__uneven_uniformnoise,drv_spline,0.011859199963510036,200,ok,0.7161611875237227,1.2663800986953373,12.776198690731128,1
chaotic__uneven_uniformnoise,drv_kalman,0.07180149992927909,200,ok,18.785590746822542,24.240711839262005,88.26185120009092,0
chaotic__uneven_uniformnoise,pnd_savgol,0.00836380000691861,200,ok,8.351362572704174,12.542115116900437,58.705152150726704,0
chaotic__uneven_uniformnoise,pnd_butter,0.0015236999606713653,200,ok,3.937139058913234,6.614873594389455,37.46579147132975,3
chaotic__uneven_uniformnoise,pnd_spectral,0.0008274000138044357,200,ok,2.3473883237766158,4.157185057737444,28.198118452167776,3
chaotic__uneven_uniformnoise,pnd_median,0.0006747000152245164,200,ok,5.828227624395504,9.442214953308625,59.343335448056465,0
chaotic__uneven_uniformnoise,pnd_tvr,0.059687000000849366,200,ok,3.2136440463577283,5.241373554861687,27.724061464055637,0
chaotic__uneven_outliers,drv_savgol,0.1555859000654891,200,ok,12.787550593033462,20.44878660876282,89.79820834857682,1
chaotic__uneven_outliers,drv_spline,0.013696999987587333,200,ok,52.447339817275505,211.4523368420434,1786.4184710349045,2
chaotic__uneven_outliers,drv_kalman,0.07874410005751997,200,ok,19.415001878360325,24.695848788260296,88.05585487998988,0
chaotic__uneven_outliers,pnd_savgol,0.00823759997729212,200,ok,12.514737530750171,18.313611563202763,75.08161538559773,0
chaotic__uneven_outliers,pnd_butter,0.0016435999423265457,200,ok,11.452054024480049,21.814287723950372,92.77957563338774,3
chaotic__uneven_outliers,pnd_spectral,0.0007965000113472342,200,ok,14.300392946277206,18.868523276472597,66.80501751815795,2
chaotic__uneven_outliers,pnd_median,0.0008929999312385917,200,ok,7.5650953300447865,12.031857499879019,59.38370004079178,0
chaotic__uneven_outliers,pnd_tvr,0.061245999997481704,200,ok,13.542780584006856,33.876377305034026,153.07990693714848,0
chaotic__missing_noisy,drv_savgol,0.12392449995968491,156,ok,5.173943626026498,8.446498861552403,39.2175007670227,1
chaotic__missing_noisy,drv_spline,0.010397700010798872,156,ok,1.7153930368801968,3.5750904399701477,21.161492245275383,1
chaotic__missing_noisy,drv_kalman,0.05393139994703233,156,ok,19.75665289969918,25.71018802940381,91.12697475488774,0
chaotic__missing_noisy,pnd_savgol,0.007986600045114756,156,ok,12.037914793234174,17.483911342030876,75.6913733479985,0
chaotic__missing_noisy,pnd_butter,0.001561500015668571,156,ok,6.74791339319111,11.14616245823463,57.24727954900223,3
chaotic__missing_noisy,pnd_spectral,0.001103700022213161,156,ok,4.685649626728587,8.150522624387023,50.67391606700508,3
chaotic__missing_noisy,pnd_median,0.0007751999655738473,156,ok,9.662582493145141,13.990553611222456,64.50382791854125,0
chaotic__missing_noisy,pnd_tvr,0.05022619990631938,156,ok,5.2000286507147555,8.9840165332305,54.9853839962241,0
sinusoidal__real_world_like,drv_savgol,0.10114820010494441,130,ok,0.10044273485432473,0.12579600047517286,0.390831406762397,5
sinusoidal__real_world_like,drv_spline,0.005432800040580332,130,ok,0.2529246919172796,0.3148756723269693,0.8539500831461453,2
sinusoidal__real_world_like,drv_kalman,0.05599749996326864,130,ok,0.12577858488198213,0.17136034453850083,0.724169638161025,0
sinusoidal__real_world_like,pnd_savgol,0.008222599979490042,130,ok,0.1664893736277174,0.18445374942492643,0.3512522307965491,1
sinusoidal__real_world_like,pnd_butter,0.0016223000129684806,130,ok,0.13240743668397645,0.16127137348964543,0.5445715569859679,2
sinusoidal__real_world_like,pnd_spectral,0.008755899965763092,130,ok,0.176293123266415,0.3452144711216576,1.6917774654015327,1
sinusoidal__real_world_like,pnd_median,0.0006101999897509813,130,ok,0.3471383955215529,0.4416116126589383,1.5388900393968574,0
sinusoidal__real_world_like,pnd_tvr,0.04820540000218898,130,ok,0.22526874498681795,0.2759869089769348,0.6830274223046643,1
chaotic__real_world_like,drv_savgol,0.3122713000047952,364,ok,3.037547994480963,4.378768341840919,18.518555295701873,1
chaotic__real_world_like,drv_spline,0.021291699958965182,364,ok,0.38627509057015286,0.5263482106767517,2.896932096432537,1
chaotic__real_world_like,drv_kalman,0.14974429993890226,364,ok,14.088285375121986,17.1062899704082,47.70899409985453,0
chaotic__real_world_like,pnd_savgol,0.008574899984523654,364,ok,1.518806967091139,2.178796220603142,8.435764182433616,0
chaotic__real_world_like,pnd_butter,0.0015971000539138913,364,ok,0.6471645192138721,0.9025883507218408,4.090294590071025,3
chaotic__real_world_like,pnd_spectral,0.0012818999821320176,364,ok,0.823091085061481,2.2867605453503486,32.907984673104636,3
chaotic__real_world_like,pnd_median,0.0008166999323293567,364,ok,1.3646767045329828,3.0952837429400937,40.95637264880591,0
chaotic__real_world_like,pnd_tvr,0.09423659997992218,364,ok,0.79034292328154,1.0889880289238372,5.243404835019852,0
constant_velocity__outliers10,drv_savgol,0.1587769000325352,200,ok,1.3444308920945343,2.0760999384311067,11.600516622189193,6
constant_velocity__outliers10,drv_spline,0.017187000019475818,200,ok,417.79783789447714,1437.5397472782477,12232.82970836664,5
constant_velocity__outliers10,drv_kalman,0.07986840000376105,200,ok,1.902989799090787,2.2995976845296147,4.442095575948333,3
constant_velocity__outliers10,pnd_savgol,0.008293699938803911,200,ok,1.5819346276591417,2.05289247887221,4.514119506676837,4
constant_velocity__outliers10,pnd_butter,0.001604399993084371,200,ok,3.9965615462043393,5.012516991836604,15.868334623465078,0
constant_velocity__outliers10,pnd_spectral,0.0007854000432416797,200,ok,3.916946348882194,4.873355990903838,11.424085545062006,0
constant_velocity__outliers10,pnd_median,0.0007240999257192016,200,ok,0.9612010326636832,1.797614225852837,8.972269235020967,2
constant_velocity__outliers10,pnd_tvr,0.12439390004146844,200,ok,47.6951584360231,89.95466600003881,393.20377597750445,2
constant_velocity__outliers25,drv_savgol,0.1555928000016138,200,ok,2.8533914092900994,4.645412859684965,19.647083664834117,6
constant_velocity__outliers25,drv_spline,0.03097429999615997,200,ok,1056.4773328478846,3605.4495561218646,32166.600759228426,5
constant_velocity__outliers25,drv_kalman,0.07210859993938357,200,ok,3.5668279315621136,4.1742671046507915,8.118557676208233,3
constant_velocity__outliers25,pnd_savgol,0.008492000051774085,200,ok,3.386689032154854,4.154478693062751,10.547448831223935,4
constant_velocity__outliers25,pnd_butter,0.001574499998241663,200,ok,5.538865214917219,6.817370957031416,16.75015909739625,0
constant_velocity__outliers25,pnd_spectral,0.0007700000423938036,200,ok,5.728454158029609,6.871564236431253,12.574041951382682,0
constant_velocity__outliers25,pnd_median,0.0009225999237969518,200,ok,3.9181895951740673,14.754457815840334,128.18818799697925,2
constant_velocity__outliers25,pnd_tvr,0.09858150000218302,200,ok,77.02364544493383,107.44328094727716,364.23113770839285,2
constant_acceleration__outliers10,drv_savgol,0.15985390008427203,200,ok,5.416981933084162,8.36502338936709,46.7408100530486,6
constant_acceleration__outliers10,drv_spline,0.022243899991735816,200,ok,1147.898639944417,2872.611966897981,19815.9377768331,2
constant_acceleration__outliers10,drv_kalman,0.07565360004082322,200,ok,7.57349153318105,9.199193386491643,17.88863447132167,3
constant_acceleration__outliers10,pnd_savgol,0.00840349995996803,200,ok,6.361299294682657,8.227086029408825,18.188346825260787,4
constant_acceleration__outliers10,pnd_butter,0.0015227999538183212,200,ok,16.27188849184602,20.391982322373202,65.1250508409441,0
constant_acceleration__outliers10,pnd_spectral,0.0007764999754726887,200,ok,16.100381621348255,19.89775193909505,46.25621819329883,0
constant_acceleration__outliers10,pnd_median,0.0007078000344336033,200,ok,4.261423627277698,9.652596560646863,63.3019159933407,2
constant_acceleration__outliers10,pnd_tvr,0.23340279993135482,200,ok,198.4650425680507,375.93400956315963,1605.108512616921,2
constant_acceleration__outliers25,drv_savgol,0.1650154999224469,200,ok,11.496886751881592,18.717300889617494,79.16204386258337,6
constant_acceleration__outliers25,drv_spline,0.028070900007151067,200,ok,4494.511649712703,16420.354996806233,148838.22697475707,5
constant_acceleration__outliers25,drv_kalman,0.07584179996047169,200,ok,14.472481582993526,16.918307464286908,32.71164143620124,3
constant_acceleration__outliers25,pnd_savgol,0.00900069996714592,200,ok,13.695602362461868,16.807827174738176,43.20091722020538,4
constant_acceleration__outliers25,pnd_butter,0.0015915000112727284,200,ok,22.221438344070947,27.42364026662532,67.20175800319112,0
constant_acceleration__outliers25,pnd_spectral,0.0007425999501720071,200,ok,23.189347124890254,27.73937570369455,50.91115843633583,0
constant_acceleration__outliers25,pnd_median,0.0007142999675124884,200,ok,14.57689464585343,57.68756247478899,478.1709841280369,3
constant_acceleration__outliers25,pnd_tvr,0.10093399998731911,200,ok,323.3796744011593,453.72875749304706,1517.2418271742433,2
polynomial__outliers10,drv_savgol,0.16100059996824712,200,ok,103.68248191708246,160.38424849833547,902.943364562967,6
polynomial__outliers10,drv_spline,0.026470799930393696,200,ok,33992.12608198705,128098.05065425656,1128440.996510653,5
polynomial__outliers10,drv_kalman,0.0702929999679327,200,ok,141.39848520660308,173.8600890462581,345.6145941411697,3
polynomial__outliers10,pnd_savgol,0.008470000000670552,200,ok,119.47521191741284,153.08900483925675,353.04417540309845,4
polynomial__outliers10,pnd_butter,0.0016000999603420496,200,ok,323.4503747348593,404.1306498834124,1251.9667280803778,0
polynomial__outliers10,pnd_spectral,0.0007144000846892595,200,ok,324.0359115780635,397.04540439827167,898.7614668863398,0
polynomial__outliers10,pnd_median,0.0006452000234276056,200,ok,124.65546375567965,369.9732891633576,3273.1805429177007,1
polynomial__outliers10,pnd_tvr,0.22774450003635138,200,ok,4724.622688271995,9527.12959043524,37647.60825389481,2
polynomial__outliers25,drv_savgol,0.16347599995788187,200,ok,222.75036943814564,364.542703071319,1545.0724242986937,6
polynomial__outliers25,drv_spline,0.03396709996741265,200,ok,88320.52845748886,332597.91075532633,3030499.237066432,5
polynomial__outliers25,drv_kalman,0.07416289998218417,200,ok,285.57328671525084,336.7597430267111,631.6846168929566,3
polynomial__outliers25,pnd_savgol,0.010008399956859648,200,ok,267.67132063091935,332.6137849449029,934.5683604655912,4
polynomial__outliers25,pnd_butter,0.0014591000508517027,200,ok,427.8231058187774,527.8037688031793,1274.5268826262854,0
polynomial__outliers25,pnd_spectral,0.0007702999282628298,200,ok,457.35385425180533,543.7614992919684,997.2652163381996,0
polynomial__outliers25,pnd_median,0.0007941999938338995,200,ok,271.8121973524829,999.0542172303492,8879.534079610492,3
polynomial__outliers25,pnd_tvr,0.10007459996268153,200,ok,6811.6540779491515,9593.680550156198,31083.624319446677,2
sinusoidal__outliers10,drv_savgol,0.1575171999866143,200,ok,0.6164256582594346,0.9011960480008744,5.141237026767346,7
sinusoidal__outliers10,drv_spline,0.01669339998625219,200,ok,39.71049027369928,85.05368142685586,480.08900741433854,5
sinusoidal__outliers10,drv_kalman,0.08202039997559041,200,ok,0.5939357246546635,0.7178950269289972,2.0335895478000197,2
sinusoidal__outliers10,pnd_savgol,0.008612199919298291,200,ok,0.6267001531643959,0.7710474661124402,2.685519678133117,3
sinusoidal__outliers10,pnd_butter,0.0016474000876769423,200,ok,0.6737122662814073,0.8180994927738683,2.2257011839576517,0
sinusoidal__outliers10,pnd_spectral,0.000813000020571053,200,ok,0.7407680745033142,0.8775253251087907,2.108157914198441,0
sinusoidal__outliers10,pnd_median,0.0007934999885037541,200,ok,0.634115248569716,1.076406476422464,5.091021613706083,1
sinusoidal__outliers10,pnd_tvr,0.08288400003220886,200,ok,7.4422179686976895,13.842362946737268,62.55373226134864,2
sinusoidal__outliers25,drv_savgol,0.1579087000573054,200,ok,0.7999828797353112,1.3639485961270048,8.891120930688002,7
sinusoidal__outliers25,drv_spline,0.023806000011973083,200,ok,75.53953566566983,117.37061746074036,634.3573431818196,5
sinusoidal__outliers25,drv_kalman,0.08028640004340559,200,ok,0.8626031515760724,1.1547079294569431,3.651966236798761,3
sinusoidal__outliers25,pnd_savgol,0.008138900040648878,200,ok,0.6794920882388854,0.8953067521882614,2.995445110999538,4
sinusoidal__outliers25,pnd_butter,0.001614099950529635,200,ok,0.8577874776781295,1.0603267539655943,2.627720138887884,0
sinusoidal__outliers25,pnd_spectral,0.0007166999857872725,200,ok,1.008466037956301,1.168578029255805,2.0028183737547955,0
sinusoidal__outliers25,pnd_median,0.0007042000070214272,200,ok,1.3388147496391338,1.7205275674652,7.847134583164648,3
sinusoidal__outliers25,pnd_tvr,0.07185710000339895,200,ok,12.330708391375902,17.151418381100438,58.40962345195113,2
exponential__outliers10,drv_savgol,0.16005239996593446,200,ok,1.3729603698828847,2.1169780695313944,11.911459509161707,6
exponential__outliers10,drv_spline,0.017233100021257997,200,ok,412.26677535218136,1401.7573679090542,11739.712019770604,5
exponential__outliers10,drv_kalman,0.0771860999520868,200,ok,1.880631819525726,2.307628086798722,4.566748071383454,3
exponential__outliers10,pnd_savgol,0.010519800009205937,200,ok,1.589205605085404,2.041007410045458,4.654943840144354,4
exponential__outliers10,pnd_butter,0.0016584000550210476,200,ok,4.235146344729347,5.290457320737022,16.541645657803247,0
exponential__outliers10,pnd_spectral,0.0008208999643102288,200,ok,4.218743845816396,5.178117597340455,11.849278518925189,0
exponential__outliers10,pnd_median,0.0006881000008434057,200,ok,1.5857727766369194,4.351095133075593,39.54204154870926,1
exponential__outliers10,pnd_tvr,0.22557489993050694,200,ok,56.180774708342476,108.93843034540727,445.58856175746587,2
exponential__outliers25,drv_savgol,0.16218570002820343,200,ok,2.9543890028241138,4.8207588697764185,20.43495561377591,6
exponential__outliers25,drv_spline,0.02930490009021014,200,ok,1097.7943011288628,3787.7603936370106,33897.41313963517,5
exponential__outliers25,drv_kalman,0.08172830007970333,200,ok,3.7544140919554936,4.41523502587666,8.350563043520449,3
exponential__outliers25,pnd_savgol,0.008023099973797798,200,ok,3.5277127543947664,4.370259785735424,12.067937856467264,4
exponential__outliers25,pnd_butter,0.0015752000035718083,200,ok,5.633393977157275,6.977637714921029,16.93228398209563,0
exponential__outliers25,pnd_spectral,0.0007933001033961773,200,ok,5.999814100487092,7.141088379215764,13.075296400640259,0
exponential__outliers25,pnd_median,0.000745900091715157,200,ok,3.934605271121414,14.862603048502187,132.6265396364458,3
exponential__outliers25,pnd_tvr,0.12555440003052354,200,ok,88.66275920821404,124.80130283235704,406.8178930345607,2
projectile__outliers10,drv_savgol,0.16136479994747788,200,ok,24.459451557018316,37.77082642936899,211.05010010203705,6
projectile__outliers10,drv_spline,0.025820799986831844,200,ok,7938.952802847651,29836.467438294872,262612.8054617531,5
projectile__outliers10,drv_kalman,0.07544179994147271,200,ok,35.164057651336265,42.2621493911742,80.8703642353071,3
projectile__outliers10,pnd_savgol,0.008917200029827654,200,ok,28.853294994865383,37.61990434091815,82.12580894813611,4
projectile__outliers10,pnd_butter,0.0016597999492660165,200,ok,70.79530672944264,89.9915640033338,289.9891229082584,0
projectile__outliers10,pnd_spectral,0.0008315999293699861,200,ok,71.44344994141242,88.88308476139163,207.38465375314107,0
projectile__outliers10,pnd_median,0.0007448000833392143,200,ok,21.262044400023793,52.10071442898541,461.9976787897382,1
projectile__outliers10,pnd_tvr,0.13929340010508895,200,ok,976.4439965313742,1880.1467138099333,7746.048936148732,2
projectile__outliers25,drv_savgol,0.15900139999575913,200,ok,51.91221754805967,84.51475748730776,357.4426130509554,6
projectile__outliers25,drv_spline,0.02426400000695139,200,ok,20598.308063543205,77224.18847915709,703124.6175735653,5
projectile__outliers25,drv_kalman,0.07214359997306019,200,ok,64.30895563384702,75.39138661441682,147.70026951413473,3
projectile__outliers25,pnd_savgol,0.010313099948689342,200,ok,61.32633364701064,75.19363705098822,187.83399910508584,4
projectile__outliers25,pnd_butter,0.001675400068052113,200,ok,102.2369280654798,125.08130983543673,308.9350560909503,0
projectile__outliers25,pnd_spectral,0.0007993000326678157,200,ok,103.15181055927522,124.29552138097353,225.91518110056265,0
projectile__outliers25,pnd_median,0.0007712999358773232,200,ok,64.12446701156327,262.8870887205294,2590.157310867447,3
projectile__outliers25,pnd_tvr,0.11163200007285923,200,ok,1512.0397444845405,2126.178765174323,7025.960505861755,2
circular__outliers10,drv_savgol,0.16190469998400658,200,ok,1.0185717653687056,1.6132665535459543,8.18930518936073,7
circular__outliers10,drv_spline,0.020516499993391335,200,ok,89.64443218739073,225.16619114127542,1541.7717080784214,0
circular__outliers10,drv_kalman,0.06890489999204874,200,ok,0.7611099778482879,0.9194579578438675,2.7036155576478964,3
circular__outliers10,pnd_savgol,0.009557100012898445,200,ok,0.7040347940605867,0.8558872765274455,2.568501750602597,4
circular__outliers10,pnd_butter,0.0017203000606968999,200,ok,1.2217677293762599,1.5043912849433436,4.129192829025486,0
circular__outliers10,pnd_spectral,0.0008311999263241887,200,ok,1.2570433361877702,1.5553962262867174,3.699597471698865,0
circular__outliers10,pnd_median,0.0007548000430688262,200,ok,1.319740989693272,2.631754164895524,15.918887950044695,1
circular__outliers10,pnd_tvr,0.09070790000259876,200,ok,13.686701963550968,25.50849671787236,117.98815602956361,2
circular__outliers25,drv_savgol,0.16136449994519353,200,ok,1.3602392614841643,1.6250649342663923,4.815741721689772,6
circular__outliers25,drv_spline,0.023987599997781217,200,ok,191.78786385812475,375.58842075992845,2558.2228780279956,5
circular__outliers25,drv_kalman,0.07256150001194328,200,ok,1.0724856849058386,1.297538422886169,2.6065035975843656,3
circular__outliers25,pnd_savgol,0.008899900014512241,200,ok,1.1142384270201027,1.369141712115174,2.877555072076536,4
circular__outliers25,pnd_butter,0.001635399996303022,200,ok,1.718799927563087,2.1367541716346983,5.36225593545381,0
circular__outliers25,pnd_spectral,0.0007965000113472342,200,ok,1.8411350428302027,2.1822231551008895,4.2143710383497615,0
circular__outliers25,pnd_median,0.0007499000057578087,200,ok,1.9203170506496974,2.512319860066003,11.569447645104484,3
circular__outliers25,pnd_tvr,0.07651759998407215,200,ok,24.204862705895156,33.751487752864975,114.18780999434829,2
chaotic__outliers10,drv_savgol,0.16049389995168895,200,ok,19.504913298955508,26.4058590016835,94.78970484371129,0
chaotic__outliers10,drv_spline,0.019429199979640543,200,ok,287.08513598393483,937.0015141787054,7727.964348421963,5
chaotic__outliers10,drv_kalman,0.07186100003309548,200,ok,20.48776234450336,25.81998609769918,91.37711756349489,0
chaotic__outliers10,pnd_savgol,0.008539399947039783,200,ok,18.5902330653454,26.433624570546225,114.03769841610426,0
chaotic__outliers10,pnd_butter,0.001703999936580658,200,ok,16.51081870799195,22.033482855723598,64.16787300764837,2
chaotic__outliers10,pnd_spectral,0.0008003000402823091,200,ok,18.45965607316161,23.925128686592583,60.71561304056229,2
chaotic__outliers10,pnd_median,0.0007199000101536512,200,ok,11.92894478390901,18.457644802164594,78.02526908301128,0
chaotic__outliers10,pnd_tvr,0.0628854000242427,200,ok,40.08322594176645,70.25703967236967,289.6746358960958,2
chaotic__outliers25,drv_savgol,0.16393289994448423,200,ok,22.885861751169912,29.955239874775685,103.96948747050774,4
chaotic__outliers25,drv_spline,0.030100699979811907,200,ok,635.2200530721263,1826.0568104884662,15048.032743882044,5
chaotic__outliers25,drv_kalman,0.07453049998730421,200,ok,23.254065434818386,29.98875675687369,94.63753175001699,2
chaotic__outliers25,pnd_savgol,0.0076197999296709895,200,ok,23.49294509297752,30.523555271967727,104.96971577178613,3
chaotic__outliers25,pnd_butter,0.0015936000272631645,200,ok,23.108708459820335,29.644244175819757,96.16046855777384,0
chaotic__outliers25,pnd_spectral,0.0008953999495133758,200,ok,23.621758012267065,30.62510532365069,101.6727199333099,0
chaotic__outliers25,pnd_median,0.0007669000187888741,200,ok,21.600507678193324,27.91741360479923,91.16567340829809,1
chaotic__outliers25,pnd_tvr,0.06493429990950972,200,ok,64.05778501196056,89.2927395621245,288.4827438615362,2
constant_velocity__hetero,drv_savgol,0.16674070002045482,200,ok,0.018023121193733744,0.03955242557681556,0.24660804009038095,6
constant_velocity__hetero,drv_spline,0.010059799998998642,200,ok,0.0017919559720661082,0.002047604531456119,0.004539103209300066,3
constant_velocity__hetero,drv_kalman,0.06653170008212328,200,ok,0.02424075923249011,0.03215984307482016,0.07300409047003598,3
constant_velocity__hetero,pnd_savgol,0.007520899991504848,200,ok,0.028772119911382968,0.04411577494435178,0.16703569080885572,4
constant_velocity__hetero,pnd_butter,0.0016004000790417194,200,ok,0.06297552740674908,0.14903565328769686,1.1315809003599615,0
constant_velocity__hetero,pnd_spectral,0.0009634000016376376,200,ok,0.16531839145844127,0.32460404268483123,1.4316240997921597,0
constant_velocity__hetero,pnd_median,0.0006943000480532646,200,ok,0.5344131038650535,0.7422185516877934,2.8321106464994763,0
constant_velocity__hetero,pnd_tvr,0.05972889997065067,200,ok,0.012545897070622319,0.015614358963611774,0.030755271005280527,2
constant_acceleration__hetero,drv_savgol,0.16268199996557087,200,ok,0.018023121193731985,0.039552425576818526,0.24660804009043247,6
constant_acceleration__hetero,drv_spline,0.009468399919569492,200,ok,0.001791955972066211,0.002047604531457593,0.0045391032093070605,3
constant_acceleration__hetero,drv_kalman,0.12159550003707409,200,ok,0.06142761199204154,0.12179094481499506,0.7172440518241068,2
constant_acceleration__hetero,pnd_savgol,0.007312399917282164,200,ok,0.0436497928463397,0.07096152827425015,0.45371430054417183,3
constant_acceleration__hetero,pnd_butter,0.001561200013384223,200,ok,0.1071797748162604,0.21999519800185494,1.2766009325539827,1
constant_acceleration__hetero,pnd_spectral,0.0007633999921381474,200,ok,0.6457560068526366,1.7344758971803953,10.47703388222611,0
constant_acceleration__hetero,pnd_median,0.0006241999799385667,200,ok,0.8384333379923143,2.016054429804806,17.499999999999858,0
constant_acceleration__hetero,pnd_tvr,0.054596300004050136,200,ok,0.16558471323937532,0.20880194242372332,0.6884098557736746,1
polynomial__hetero,drv_savgol,0.1633941000327468,200,ok,0.06201196618083757,0.0876491075427513,0.3552888228704205,5
polynomial__hetero,drv_spline,0.01235789991915226,200,ok,0.1543255914793362,0.25717539859734184,1.4770645577193777,3
polynomial__hetero,drv_kalman,0.07286760001443326,200,ok,0.9512296698015643,5.331939490179563,52.944177172990294,0
polynomial__hetero,pnd_savgol,0.008526699966751039,200,ok,0.35534409037681186,1.0027111647737204,11.514134377100504,0
polynomial__hetero,pnd_butter,0.0028572999872267246,200,ok,0.2455507845417017,0.482967739599914,3.1731776983968984,2
polynomial__hetero,pnd_spectral,0.0015608000103384256,200,ok,31.67657334686493,125.17309433894569,1194.0953165427193,2
polynomial__hetero,pnd_median,0.001303300028666854,200,ok,11.443008752871197,92.14895546512834,884.0000000000023,0
polynomial__hetero,pnd_tvr,0.26230760000180453,200,ok,0.7319135871543331,1.5663183875081597,15.117482968818763,0
sinusoidal__hetero,drv_savgol,0.1574491000501439,200,ok,0.057553278569559566,0.07655975180951402,0.31135743541165795,5
sinusoidal__hetero,drv_spline,0.010667200083844364,200,ok,0.17657682701914587,0.3499281998961074,2.1770532662559785,3
sinusoidal__hetero,drv_kalman,0.07602000003680587,200,ok,0.07971316275939434,0.15978408232230412,0.945012472387672,1
sinusoidal__hetero,pnd_savgol,0.008555199950933456,200,ok,0.11119978840198931,0.16568131163277955,1.0550485901125588,1
sinusoidal__hetero,pnd_butter,0.0016365000046789646,200,ok,0.07769329324228776,0.11171407167422405,0.5214927561337317,1
sinusoidal__hetero,pnd_spectral,0.0008447000291198492,200,ok,0.17141578467500018,0.337702197670364,1.9421416649011398,1
sinusoidal__hetero,pnd_median,0.0008084001019597054,200,ok,0.4395670928950601,0.5960374256193367,2.4133681723834197,1
sinusoidal__hetero,pnd_tvr,0.07078560010995716,200,ok,0.24154183073629668,0.3093550550892783,0.9932890746276144,2
exponential__hetero,drv_savgol,0.16268870001658797,200,ok,0.044000938694647426,0.0870056426903703,0.5877397655259315,7
exponential__hetero,drv_spline,0.010117700090631843,200,ok,0.06676355743558722,0.1179767716922966,0.5846048317389663,3
exponential__hetero,drv_kalman,0.07538010005373508,200,ok,0.05395534808977791,0.13824420016100283,1.0827338652992484,2
exponential__hetero,pnd_savgol,0.008951499941758811,200,ok,0.037000121375513256,0.06536071015656503,0.4951528599184556,3
exponential__hetero,pnd_butter,0.0016292000655084848,200,ok,0.09126430341595995,0.16366950313389644,0.9767694635146089,1
exponential__hetero,pnd_spectral,0.0007786999922245741,200,ok,0.3382849277198897,0.909767798222078,5.7069728220344675,0
exponential__hetero,pnd_median,0.0006852999795228243,200,ok,0.6314240290124493,1.2171811464903803,9.27232654843381,0
exponential__hetero,pnd_tvr,0.08223470009397715,200,ok,0.11954593483246896,0.1776314850336233,0.8104999955811376,2
projectile__hetero,drv_savgol,0.17170389997772872,200,ok,0.018023121193741044,0.03955242557679678,0.24660804009025128,6
projectile__hetero,drv_spline,0.00945859996136278,200,ok,0.0017919559720560268,0.002047604531430994,0.004539103209191708,3
projectile__hetero,drv_kalman,0.10771700006444007,200,ok,0.1300426433121255,0.3000224255224479,2.018654803463164,0
projectile__hetero,pnd_savgol,0.009179100045002997,200,ok,0.09749106374837212,0.23333060065562974,1.5573818558384716,2
projectile__hetero,pnd_butter,0.001657299930229783,200,ok,0.19158621249775012,0.29050953492302445,1.7954887246674929,2
projectile__hetero,pnd_spectral,0.0007956000044941902,200,ok,3.5518619369285602,8.977247535167608,53.74340362784087,0
projectile__hetero,pnd_median,0.000736100017093122,200,ok,1.723840865504819,9.372046675919645,88.90746668257341,0
projectile__hetero,pnd_tvr,0.06075489998329431,200,ok,0.37463931869740036,0.4957057652831535,1.9352282777642928,0
circular__hetero,drv_savgol,0.1658195999916643,200,ok,0.06278029052816796,0.08698337371851719,0.3378066747863566,5
circular__hetero,drv_spline,0.012300799950025976,200,ok,0.14779934857580457,0.19602837420697192,0.7581731788604533,3
circular__hetero,drv_kalman,0.0678563000401482,200,ok,0.09783278713740666,0.16025450478497105,0.8379659313616976,0
circular__hetero,pnd_savgol,0.008886100025847554,200,ok,0.11487073846186105,0.1560078004041591,0.5810822430914946,1
circular__hetero,pnd_butter,0.0016199999954551458,200,ok,0.08491977076770225,0.12271864050052676,0.7072628411521893,1
circular__hetero,pnd_spectral,0.000879499944858253,200,ok,0.14706033540332522,0.22601454504376317,0.8205767146974099,0
circular__hetero,pnd_median,0.0008636000566184521,200,ok,0.5462065952365476,0.7920315226180951,3.1029065060580745,0
circular__hetero,pnd_tvr,0.06478110002353787,200,ok,0.20978432278816192,0.2829343531393869,0.9751334163355723,1
chaotic__hetero,drv_savgol,0.16572079993784428,200,ok,4.903927932989041,8.004021284463844,41.839114434521065,1
chaotic__hetero,drv_spline,0.012146799941547215,200,ok,1.660284861128545,2.5224376236984205,18.507839659518616,2
chaotic__hetero,drv_kalman,0.07723960001021624,200,ok,18.78665395370867,24.248388510112605,88.13002039942715,0
chaotic__hetero,pnd_savgol,0.00857109995558858,200,ok,8.403548643355231,12.635752190653692,59.0639119578087,0
chaotic__hetero,pnd_butter,0.001617099973373115,200,ok,4.051108733387691,6.786304109699657,38.7941253127114,3
chaotic__hetero,pnd_spectral,0.0008026000577956438,200,ok,2.494273634190169,4.427830803389689,29.762897418072512,3
chaotic__hetero,pnd_median,0.0006813000654801726,200,ok,5.924107132177772,9.628415029235793,60.41415000168791,0
chaotic__hetero,pnd_tvr,0.060066199977882206,200,ok,3.4023211609705997,5.479424650601958,28.937301764725746,0
