max_err,mae,rmse,median_rel_err,runtime_s,mem_bytes,dataset,method,n_points,status
6.039613253960852e-14,9.880984919163893e-15,1.569376333208763e-14,2.3169871818264137e-15,2.1600048057734966e-05,4800,constant_velocity__clean_uniform,forward_diff,200,ok
6.039613253960852e-14,9.880984919163893e-15,1.569376333208763e-14,2.3169871818264137e-15,1.279998105019331e-05,4800,constant_velocity__clean_uniform,backward_diff,200,ok
3.064215547965432e-14,5.88640247656258e-15,8.563382723737958e-15,2.123904916674213e-15,2.989999484270811e-05,4800,constant_velocity__clean_uniform,central_diff,200,ok
1.8207657603852567e-13,4.8920867357082896e-14,5.939950083871936e-14,2.046672010613332e-14,0.007137499982491136,4800,constant_velocity__clean_uniform,high_order_fd,200,ok
8.837375276016246e-14,9.51017042893909e-15,1.4852211581135654e-14,2.6066105795547155e-15,1.4148237000918016,4800,constant_velocity__clean_uniform,cubic_spline,200,ok
1.532107773982716e-13,7.975842208907125e-15,1.6701179095278617e-14,1.9308226515220117e-15,1.597843399969861,4800,constant_velocity__clean_uniform,savgol_resampled,200,ok
7.238654120556021e-14,3.0468960687812796e-14,3.701685356785975e-14,1.2743429500045276e-14,0.0019688999745994806,4800,constant_velocity__clean_uniform,savgol_matched,200,ok
5.355715870791755e-13,8.348877145181177e-15,4.2733567313334333e-14,4.827056628805028e-16,0.038066200097091496,4800,constant_velocity__clean_uniform,ALPRD_v1.0,200,ok
4.169997680492088e-13,6.654676809603188e-15,3.3277293863022697e-14,3.861645303044023e-16,0.045963100041262805,4800,constant_velocity__clean_uniform,ALPRD_v1.0_fast,200,ok
2.362554596402333e-13,8.770761894538737e-15,2.7984421712665746e-14,3.861645303044023e-16,0.454174300073646,4800,constant_velocity__clean_uniform,ALPRD_v1.1,200,ok
2.4558133304708463e-13,2.050137837272814e-14,4.2619806236726817e-14,4.0547275681962245e-15,3.6899931728839874e-05,4800,constant_velocity__uneven_clean,forward_diff,200,ok
2.4558133304708463e-13,2.0448087667546134e-14,4.26131423835931e-14,3.958186435620124e-15,3.820005804300308e-05,4800,constant_velocity__uneven_clean,backward_diff,200,ok
2.3314683517128287e-13,2.4211743721025415e-14,5.239492400567128e-14,3.2823985075874197e-15,9.440002031624317e-05,4800,constant_velocity__uneven_clean,central_diff,200,ok
6.548539488449023e-12,1.794608905925088e-13,6.110601397906434e-13,1.9694391045524517e-14,0.012449600035324693,4800,constant_velocity__uneven_clean,high_order_fd,200,ok
2.389199948993337e-13,3.022915251449376e-14,5.6720432698087963e-14,4.8270566288050286e-15,0.0009129000827670097,4800,constant_velocity__uneven_clean,cubic_spline,200,ok
1.532107773982716e-13,7.047695760320493e-15,1.642055509283425e-14,1.5446581212176093e-15,0.002825499977916479,4800,constant_velocity__uneven_clean,savgol_resampled,200,ok
7.149836278586008e-14,3.0653257709900575e-14,3.7238078499561005e-14,1.2646888367469175e-14,0.0019428000086918473,4800,constant_velocity__uneven_clean,savgol_matched,200,ok
3.637090628672013e-13,7.249756350802272e-15,3.043590921689479e-14,5.792467954566034e-16,0.036959500052034855,4800,constant_velocity__uneven_clean,ALPRD_v1.0,200,ok
3.432809592140984e-13,7.696066006701584e-15,3.164337401651874e-14,5.792467954566034e-16,0.04729389993008226,4800,constant_velocity__uneven_clean,ALPRD_v1.0_fast,200,ok
2.637889906509372e-13,9.561240688071849e-15,3.2351190276821095e-14,5.792467954566034e-16,0.4652635999955237,4800,constant_velocity__uneven_clean,ALPRD_v1.1,200,ok
42.90036893478982,1.934057125874463,4.571768323952789,0.43461653594119043,1.6600009985268116e-05,4800,constant_velocity__uneven_gaussian,forward_diff,200,ok
42.90036893478982,1.938109220660262,4.572538396664621,0.439369658368861,1.479999627918005e-05,4800,constant_velocity__uneven_gaussian,backward_diff,200,ok
40.704748188427864,2.2946764293667226,5.788088400309127,0.35942449775349805,3.730005118995905e-05,4800,constant_velocity__uneven_gaussian,central_diff,200,ok
42.62417747080035,2.8464322567941283,6.222220160953784,0.5750158673700642,0.008138900040648878,4800,constant_velocity__uneven_gaussian,high_order_fd,200,ok
42.17309405429971,2.920009540185622,6.20605136470452,0.6309658508094698,0.0005368000129237771,4800,constant_velocity__uneven_gaussian,cubic_spline,200,ok
1.3803083701746317,0.1980701572178186,0.2573030868419212,0.08018519460824852,0.0016047999961301684,4800,constant_velocity__uneven_gaussian,savgol_resampled,200,ok
0.17241740996924015,0.027138018886561675,0.03781639708807696,0.008941245179795491,0.001909599988721311,4800,constant_velocity__uneven_gaussian,savgol_matched,200,ok
0.10944403563522975,0.020325947005886816,0.02712406963031351,0.007204694079183286,0.03659529995638877,4800,constant_velocity__uneven_gaussian,ALPRD_v1.0,200,ok
0.10944403563530347,0.02032594700588913,0.02712406963032146,0.007204694079183671,0.04765860002953559,4800,constant_velocity__uneven_gaussian,ALPRD_v1.0_fast,200,ok
0.1913885863014042,0.03060670096208194,0.04321562649331545,0.011033516327341657,0.4671587999910116,4800,constant_velocity__uneven_gaussian,ALPRD_v1.1,200,ok
53.439009517023024,1.4827906785543628,4.657374111691207,0.30276714563262386,2.150004729628563e-05,4800,constant_velocity__uneven_uniformnoise,forward_diff,200,ok
53.439009517023024,1.4896342857410787,4.658527982652357,0.30495786124689306,1.8000020645558834e-05,4800,constant_velocity__uneven_uniformnoise,backward_diff,200,ok
52.81412428441091,1.9837575102849199,6.315633802370284,0.2726188742453154,4.770001396536827e-05,4800,constant_velocity__uneven_uniformnoise,central_diff,200,ok
53.46896511643645,2.5319003509326667,6.834896533763504,0.40841437456440316,0.01184079993981868,4800,constant_velocity__uneven_uniformnoise,high_order_fd,200,ok
53.25041946956272,2.5721635925136126,6.702485625813033,0.44942685646703223,0.0012153999414294958,4800,constant_velocity__uneven_uniformnoise,cubic_spline,200,ok
0.35171860915893904,0.10530813775994796,0.13026176759520364,0.04050409502273765,0.002279300009831786,4800,constant_velocity__uneven_uniformnoise,savgol_resampled,200,ok
0.06898313418601543,0.01183911169178848,0.015963169880153283,0.004081539767536687,0.0017633000388741493,4800,constant_velocity__uneven_uniformnoise,savgol_matched,200,ok
0.0313865099606101,0.00842455236613486,0.0115318485936742,0.0025494699921423053,0.038470399915240705,4800,constant_velocity__uneven_uniformnoise,ALPRD_v1.0,200,ok
0.03138650996053771,0.008424552366136486,0.011531848593678319,0.0025494699921429814,0.05272759997751564,4800,constant_velocity__uneven_uniformnoise,ALPRD_v1.0_fast,200,ok
0.045658699123625635,0.013159329955927945,0.01761411566707726,0.0038994609474437515,0.4599977000616491,4800,constant_velocity__uneven_uniformnoise,ALPRD_v1.1,200,ok
2743.7472404385194,45.43024615698567,247.95186257212725,4.633974363652827e-15,2.5900080800056458e-05,4800,constant_velocity__uneven_outliers,forward_diff,200,ok
2743.7472404385194,45.43024615698567,247.95186257212723,4.633974363652827e-15,1.9900035113096237e-05,4800,constant_velocity__uneven_outliers,backward_diff,200,ok
2378.888811944991,45.04784074622068,254.8979119980321,4.8270566288050286e-15,4.739989526569843e-05,4800,constant_velocity__uneven_outliers,central_diff,200,ok
2574.6690579055694,63.43342466485592,292.88520257153397,2.5873023530394955e-14,0.012640199973247945,4800,constant_velocity__uneven_outliers,high_order_fd,200,ok
2534.27288133508,71.82813326296014,298.0573117390071,0.0003555412776338245,0.000853799981996417,4800,constant_velocity__uneven_outliers,cubic_spline,200,ok
160.5622839700469,12.84754711836779,27.233394446226406,4.537433231076727e-15,0.0016786999767646194,4800,constant_velocity__uneven_outliers,savgol_resampled,200,ok
7.577021964573182,1.8436292992363912,2.4693237699712824,0.6689904981652617,0.0015662000514566898,4800,constant_velocity__uneven_outliers,savgol_matched,200,ok
8.03949738451843,1.5546968304847315,2.230849154979441,0.5272563911810837,0.038065899978391826,4800,constant_velocity__uneven_outliers,ALPRD_v1.0,200,ok
8.03949738451842,1.5546968304847306,2.2308491549794387,0.5272563911810837,0.04858119995333254,4800,constant_velocity__uneven_outliers,ALPRD_v1.0_fast,200,ok
235.41173900961283,8.982963177488491,28.959770295344487,0.04673295669043138,0.49193110002670437,4800,constant_velocity__uneven_outliers,ALPRD_v1.1,200,ok
42.90036893478982,1.6865080074793672,4.274033406661926,0.4044323643089458,2.4700071662664413e-05,3744,constant_velocity__missing_noisy,forward_diff,156,ok
42.90036893478982,1.691454845826803,4.274651905302207,0.4044323643089458,1.950003206729889e-05,3744,constant_velocity__missing_noisy,backward_diff,156,ok
41.72846010541464,2.0330636315108266,5.488535153487402,0.36018286159265955,4.47999918833375e-05,3744,constant_velocity__missing_noisy,central_diff,156,ok
45.077992388692834,2.7883000147879304,6.308125247474894,0.5580028753023214,0.008987699984572828,3744,constant_velocity__missing_noisy,high_order_fd,156,ok
43.79899626362762,2.627694773556569,5.923715670367824,0.585370223549567,0.0011674000415951014,3744,constant_velocity__missing_noisy,cubic_spline,156,ok
1.5591122988595263,0.15822136482180552,0.22220415415077596,0.05473487382942028,0.00270239997189492,3744,constant_velocity__missing_noisy,savgol_resampled,156,ok
0.1701533782552893,0.0332189872796708,0.04269909509871592,0.012209066469012065,0.0018990000244230032,3744,constant_velocity__missing_noisy,savgol_matched,156,ok
0.0773402931488909,0.021313688564731585,0.02531691989427485,0.008922591907800745,0.038498600013554096,3744,constant_velocity__missing_noisy,ALPRD_v1.0,156,ok
0.07734029314897217,0.021313688564732158,0.025316919894276438,0.008922591907802,0.04206080001313239,3744,constant_velocity__missing_noisy,ALPRD_v1.0_fast,156,ok
0.1450314897398406,0.03450193656032863,0.04677854470031036,0.011266380359796142,0.4141111000208184,3744,constant_velocity__missing_noisy,ALPRD_v1.1,156,ok
0.0427135678396553,0.04271356783919618,0.04271356783919618,0.004746058882648698,2.859998494386673e-05,4800,constant_acceleration__clean_uniform,forward_diff,200,ok
0.04271356783970148,0.04271356783919569,0.04271356783919569,0.004746058882644928,2.22999369725585e-05,4800,constant_acceleration__clean_uniform,backward_diff,200,ok
0.042713567839196,0.0004271356784205327,0.004271356783918762,1.6476505993348413e-15,4.840001929551363e-05,4800,constant_acceleration__clean_uniform,central_diff,200,ok
5.435651928564766e-13,1.2631229395765331e-13,1.7652625657344107e-13,1.0081495177710543e-14,0.011835500015877187,4800,constant_acceleration__clean_uniform,high_order_fd,200,ok
4.547473508864641e-13,4.8196446833514984e-14,8.13571421082497e-14,2.3669511685957433e-15,0.0008095999946817756,4800,constant_acceleration__clean_uniform,cubic_spline,200,ok
1.4566126083082054e-13,2.041089519622119e-14,3.4290992733481377e-14,1.082606351741023e-15,0.0016859000315889716,4800,constant_acceleration__clean_uniform,savgol_resampled,200,ok
2.4868995751603507e-13,7.627204423599209e-14,1.0261443354948482e-13,7.346216038042509e-15,0.0024615000002086163,4800,constant_acceleration__clean_uniform,savgol_matched,200,ok
1.4921397450962104e-12,3.091971123581061e-14,1.540126145889821e-13,3.722962436338464e-16,0.04037399997469038,4800,constant_acceleration__clean_uniform,ALPRD_v1.0,200,ok
1.602273869139026e-12,2.3565593920693572e-14,1.2839269246582506e-13,3.112646196497498e-16,0.04956399998627603,4800,constant_acceleration__clean_uniform,ALPRD_v1.0_fast,200,ok
9.556799795973347e-13,3.4070524179696803e-14,1.2639647195112703e-13,2.958933285977979e-16,0.5068232000339776,4800,constant_acceleration__clean_uniform,ALPRD_v1.1,200,ok
0.08887808205915881,0.04264580403812628,0.04718175373515192,0.004935117608451699,3.330002073198557e-05,4800,constant_acceleration__uneven_clean,forward_diff,200,ok
0.08887808205921566,0.042666606408666714,0.04719552585891788,0.004946978190312328,2.929999027401209e-05,4800,constant_acceleration__uneven_clean,backward_diff,200,ok
0.033321281733866726,0.00031241044697495114,0.003131022610677286,3.3949495718304556e-15,9.8800053820014e-05,4800,constant_acceleration__uneven_clean,central_diff,200,ok
1.1080913964178762e-11,4.980016399258603e-13,1.4766624727010297e-12,8.385441558527414e-15,0.013134300010278821,4800,constant_acceleration__uneven_clean,high_order_fd,200,ok
4.7695181137896725e-12,2.2626595042041231e-13,6.862781470046571e-13,5.156971944582947e-15,0.0008446999127045274,4800,constant_acceleration__uneven_clean,cubic_spline,200,ok
0.005478314521844219,0.0017136257175022428,0.00219845639332852,0.0001748114761964147,0.00243130000308156,4800,constant_acceleration__uneven_clean,savgol_resampled,200,ok
0.0015641973213469385,0.00021595428332174592,0.00032859932268315803,1.8400063494361732e-05,0.0016815999988466501,4800,constant_acceleration__uneven_clean,savgol_matched,200,ok
1.1084466677857563e-12,2.6433299993300352e-14,1.1089394532338518e-13,4.4381808469416694e-16,0.05122759996447712,4800,constant_acceleration__uneven_clean,ALPRD_v1.0,200,ok
1.3820056210533949e-12,2.6048607715267735e-14,1.261491875388895e-13,3.6383458963248307e-16,0.06346839992329478,4800,constant_acceleration__uneven_clean,ALPRD_v1.0_fast,200,ok
1.0480505352461478e-12,3.3172908864287367e-14,1.2901085221633176e-13,3.961494788878993e-16,0.4927707000169903,4800,constant_acceleration__uneven_clean,ALPRD_v1.1,200,ok
42.89593471745641,1.9359412514743854,4.571980436372668,0.13042852510559483,1.1299969628453255e-05,4800,constant_acceleration__uneven_gaussian,forward_diff,200,ok
42.90480315212622,1.9389171856391294,4.572781657577276,0.12808001462711927,1.0299962013959885e-05,4800,constant_acceleration__uneven_gaussian,backward_diff,200,ok
40.70474818842929,2.2946556269962124,5.788064253196234,0.1098534112380683,2.729997504502535e-05,4800,constant_acceleration__uneven_gaussian,central_diff,200,ok
42.624177470802245,2.8464322567942215,6.222220160953888,0.1873041904618711,0.06674050004221499,4800,constant_acceleration__uneven_gaussian,high_order_fd,200,ok
42.173094054301174,2.920009540185672,6.206051364704607,0.1912089288185962,0.0007424999494105577,4800,constant_acceleration__uneven_gaussian,cubic_spline,200,ok
1.3762861053276048,0.1982117226476549,0.2573039703253032,0.019131986562664495,0.002926000044681132,4800,constant_acceleration__uneven_gaussian,savgol_resampled,200,ok
0.1708532126479092,0.027062207711871827,0.0376342201891795,0.0027888158075452586,0.02262079995125532,4800,constant_acceleration__uneven_gaussian,savgol_matched,200,ok
0.1094440356347306,0.020325947005893293,0.027124069630330698,0.0020710731314848713,0.09040440001990646,4800,constant_acceleration__uneven_gaussian,ALPRD_v1.0,200,ok
0.10944403563511784,0.02032594700589022,0.027124069630322215,0.0020710731314850057,0.04972739994991571,4800,constant_acceleration__uneven_gaussian,ALPRD_v1.0_fast,200,ok
0.12689122250909435,0.020564219611260492,0.029575969366373522,0.0020315535293129183,0.4757507999893278,4800,constant_acceleration__uneven_gaussian,ALPRD_v1.1,200,ok
53.43966208934922,1.4847206273031228,4.657592829678523,0.07916506622636421,1.5900004655122757e-05,4800,constant_acceleration__uneven_uniformnoise,forward_diff,200,ok
53.43835694467059,1.4902484425012414,4.658731583787899,0.08857188568873398,3.1800009310245514e-05,4800,constant_acceleration__uneven_uniformnoise,backward_diff,200,ok
52.81412428439795,1.983445099837874,6.315593475584684,0.08265423361369907,6.800005212426186e-05,4800,constant_acceleration__uneven_uniformnoise,central_diff,200,ok
53.46896511642585,2.5319003509323688,6.834896533762319,0.11448645436661913,0.011261700070463121,4800,constant_acceleration__uneven_uniformnoise,high_order_fd,200,ok
53.25041946954967,2.5721635925132853,6.702485625811675,0.13093961163993464,0.0007556000491604209,4800,constant_acceleration__uneven_uniformnoise,cubic_spline,200,ok
0.3500356392026802,0.10551803150088154,0.13051079561932796,0.011489284586148531,0.0018780999816954136,4800,constant_acceleration__uneven_uniformnoise,savgol_resampled,200,ok
0.06741893686466582,0.011788086906289581,0.015791617745120737,0.0010347860817004747,0.0016398000298067927,4800,constant_acceleration__uneven_uniformnoise,savgol_matched,200,ok
0.03138650996049108,0.008424552366138182,0.011531848593680782,0.0005432849467611788,0.036057000048458576,4800,constant_acceleration__uneven_uniformnoise,ALPRD_v1.0,200,ok
0.031386509960338316,0.008424552366136982,0.011531848593678291,0.0005432849467609231,0.045535200042650104,4800,constant_acceleration__uneven_uniformnoise,ALPRD_v1.0_fast,200,ok
0.03553761669178357,0.00849562659106572,0.01181938720484972,0.0006028419337650386,0.43341890000738204,4800,constant_acceleration__uneven_uniformnoise,ALPRD_v1.1,200,ok
11055.098804063578,183.0881650641873,999.0478270200229,0.0053257541673478554,2.050003968179226e-05,4800,constant_acceleration__uneven_outliers,forward_diff,200,ok
11055.117969146177,183.08693216154424,999.0478270206735,0.005281491041613768,1.8600025214254856e-05,4800,constant_acceleration__uneven_outliers,backward_diff,200,ok
9585.020539840385,181.5071052709988,1027.0348533344627,4.035005605333215e-15,4.610000178217888e-05,4800,constant_acceleration__uneven_outliers,central_diff,200,ok
10373.858449962321,255.58600102370855,1180.0932722737027,1.2629705080256258e-14,0.011770499986596406,4800,constant_acceleration__uneven_outliers,high_order_fd,200,ok
10211.09414579857,289.40996704295975,1200.9327383116276,0.00037644495600598415,0.0007927999831736088,4800,constant_acceleration__uneven_outliers,cubic_spline,200,ok
646.9336496637101,51.76671000944827,109.72914789738648,0.0003142532419150842,0.0016807999927550554,4800,constant_acceleration__uneven_outliers,savgol_resampled,200,ok
30.529409702568486,7.428378433363509,9.949390564604805,0.7395334960248349,0.0016543000238016248,4800,constant_acceleration__uneven_outliers,savgol_matched,200,ok
32.39274873784396,6.264185605731241,8.988539045791256,0.5137591788893598,0.03541009989567101,4800,constant_acceleration__uneven_outliers,ALPRD_v1.0,200,ok
32.39274873784398,6.264185605731236,8.98853904579125,0.5137591788893596,0.04033370001707226,4800,constant_acceleration__uneven_outliers,ALPRD_v1.0_fast,200,ok
948.5211508821293,36.52203945014773,116.96661585103013,0.045601883505478016,0.405272200005129,4800,constant_acceleration__uneven_outliers,ALPRD_v1.1,200,ok
42.89593471745641,1.6860237561669835,4.274463704533293,0.11605409178437215,2.2999942302703857e-05,3744,constant_acceleration__missing_noisy,forward_diff,156,ok
42.90480315212622,1.6943727205170784,4.275051426613817,0.11734288468771081,1.9399914890527725e-05,3744,constant_acceleration__missing_noisy,backward_diff,156,ok
41.72846010541609,2.0329913116196807,5.4884530459722285,0.09490710307087862,4.650000482797623e-05,3744,constant_acceleration__missing_noisy,central_diff,156,ok
45.07799238869564,2.7883000147879917,6.308125247475005,0.15190491180691434,0.009006900014355779,3744,constant_acceleration__missing_noisy,high_order_fd,156,ok
43.79899626362916,2.6276947735565708,5.923715670367879,0.15126650397843933,0.0007744999602437019,3744,constant_acceleration__missing_noisy,cubic_spline,156,ok
1.5649164761343834,0.1576531279150665,0.22203361304606045,0.015483301339608728,0.0016948999837040901,3744,constant_acceleration__missing_noisy,savgol_resampled,156,ok
0.16697379322205208,0.03294264061189701,0.0424560912221422,0.0033173148737356438,0.0017596000107005239,3744,constant_acceleration__missing_noisy,savgol_matched,156,ok
0.07734029314845259,0.021313688564733025,0.025316919894277715,0.002257889407647517,0.02719920000527054,3744,constant_acceleration__missing_noisy,ALPRD_v1.0,156,ok
0.07734029314856627,0.021313688564731353,0.025316919894271706,0.0022578894076475337,0.032412300002761185,3744,constant_acceleration__missing_noisy,ALPRD_v1.0_fast,156,ok
0.1253388747918054,0.02189950834935959,0.027596825972931872,0.0022115629472458922,0.2860526000149548,3744,constant_acceleration__missing_noisy,ALPRD_v1.1,156,ok
7.3895989378462446,2.2444490145990272,3.1765216253820796,0.016631707829173333,2.4700071662664413e-05,4800,polynomial__clean_uniform,forward_diff,200,ok
7.3895989378462446,2.219955084632511,3.14784826068642,0.016392723692029293,2.6499968953430653e-05,4800,polynomial__clean_uniform,backward_diff,200,ok
7.3895989378462446,0.04957434200118141,0.522743897324707,0.0001555795202050542,7.780001033097506e-05,4800,polynomial__clean_uniform,central_diff,200,ok
1.716671249596402e-11,1.576709873774007e-12,3.076537608626088e-12,6.334750437269974e-15,0.013337300042621791,4800,polynomial__clean_uniform,high_order_fd,200,ok
0.00016405103542638244,2.240979486138883e-06,1.7027756159206686e-05,6.1572904950111216e-15,0.0007863999344408512,4800,polynomial__clean_uniform,cubic_spline,200,ok
0.009517043085111254,0.00017587495606080083,0.0010365453718624016,1.2155264485667254e-15,0.0019020000472664833,4800,polynomial__clean_uniform,savgol_resampled,200,ok
1.3201498297999241,0.08205616277269208,0.2300196442745312,5.531833135278239e-15,0.0017404999816790223,4800,polynomial__clean_uniform,savgol_matched,200,ok
21.120894388055945,2.686334219838666,3.848179903258807,0.028451124635516883,0.03602690005209297,4800,polynomial__clean_uniform,ALPRD_v1.0,200,ok
21.120894388061743,2.6863342198387135,3.848179903259035,0.028451124635516724,0.04334860004018992,4800,polynomial__clean_uniform,ALPRD_v1.0_fast,200,ok
7.463268252712851,1.9976581107343285,2.318552591832063,0.025036420243413595,0.4213013000553474,4800,polynomial__clean_uniform,ALPRD_v1.1,200,ok
11.97345664311922,2.2313082299644877,3.486430385720169,0.016784531549522724,1.6700010746717453e-05,4800,polynomial__uneven_clean,forward_diff,200,ok
12.055662542657046,2.2213772626834927,3.490666596515179,0.016328646973962305,1.6600009985268116e-05,4800,polynomial__uneven_clean,backward_diff,200,ok
5.0508717398273575,0.036510947375589256,0.3575095440525049,0.0001295495988947687,4.569999873638153e-05,4800,polynomial__uneven_clean,central_diff,200,ok
2.0719426174764521e-10,6.949975039916012e-12,2.2664452140027784e-11,9.072913630018513e-15,0.011819900013506413,4800,polynomial__uneven_clean,high_order_fd,200,ok
0.00018253497876896674,1.681529474528182e-05,2.4943673568823677e-05,1.602989677817627e-07,0.0007331999950110912,4800,polynomial__uneven_clean,cubic_spline,200,ok
0.6862869056561749,0.10528806697362098,0.1745438067285259,0.0006727236927027294,0.0015866000903770328,4800,polynomial__uneven_clean,savgol_resampled,200,ok
1.5211440589201857,0.10477730136399539,0.25175540294973037,0.00035769281088067744,0.0015854999655857682,4800,polynomial__uneven_clean,savgol_matched,200,ok
20.744158586040044,2.636546975293547,3.781358589305796,0.028315422924310475,0.036799399997107685,4800,polynomial__uneven_clean,ALPRD_v1.0,200,ok
20.744158586035837,2.6365469752935144,3.7813585893055692,0.028315422924310076,0.04447630001232028,4800,polynomial__uneven_clean,ALPRD_v1.0_fast,200,ok
3.088763496687534,0.7321311479909107,0.8462074940592562,0.010937003129460733,0.42827419994864613,4800,polynomial__uneven_clean,ALPRD_v1.1,200,ok
42.69011176439005,3.5858634572403503,5.753071024787425,0.030595875558499647,1.8300022929906845e-05,4800,polynomial__uneven_gaussian,forward_diff,200,ok
43.11078240479448,3.556989876699342,5.750771373592772,0.024211842921870442,1.6400008462369442e-05,4800,polynomial__uneven_gaussian,backward_diff,200,ok
40.701774202787504,2.3200247064929367,5.8007250017847785,0.019018454084904005,4.549999721348286e-05,4800,polynomial__uneven_gaussian,central_diff,200,ok
42.624177470825586,2.846432256790064,6.222220160950387,0.03314056940438996,0.01266330003272742,4800,polynomial__uneven_gaussian,high_order_fd,200,ok
42.173104108514494,2.920009117705821,6.20605176409149,0.033589713305423013,0.0007702999282628298,4800,polynomial__uneven_gaussian,cubic_spline,200,ok
1.3685443172891358,0.2559673496829165,0.3395871348602595,0.0019150570352350022,0.0016669000033289194,4800,polynomial__uneven_gaussian,savgol_resampled,200,ok
1.3487266489529475,0.10623619616892135,0.23392433136801713,0.0004205235902524558,0.0015869000926613808,4800,polynomial__uneven_gaussian,savgol_matched,200,ok
20.634714550403828,2.6322648096431043,3.7675147255094594,0.028151102121219466,0.03648060001432896,4800,polynomial__uneven_gaussian,ALPRD_v1.0,200,ok
20.634714550400872,2.6322648096431767,3.767514725509722,0.028151102121219233,0.04093110002577305,4800,polynomial__uneven_gaussian,ALPRD_v1.0_fast,200,ok
3.7557912001779536,0.7169149466535457,0.8516413784249424,0.010736909439619876,0.29845620004925877,4800,polynomial__uneven_gaussian,ALPRD_v1.1,200,ok
53.4895722250713,3.223620215901464,5.816633072138877,0.02312348157189458,1.71000137925148e-05,4800,polynomial__uneven_uniformnoise,forward_diff,200,ok
53.38844250125629,3.2615594719668013,5.82188310693007,0.021811637101263923,1.109996810555458e-05,4800,polynomial__uneven_uniformnoise,backward_diff,200,ok
52.814489877404185,2.0069008525954977,6.325348129692811,0.015189620091874087,2.8499984182417393e-05,4800,polynomial__uneven_uniformnoise,central_diff,200,ok
53.46896511674623,2.531900350936099,6.834896533784188,0.02042847168407961,0.007636800059117377,4800,polynomial__uneven_uniformnoise,high_order_fd,200,ok
53.250418955111684,2.572163166087056,6.702486064039898,0.024293159720519333,0.0006315999198704958,4800,polynomial__uneven_uniformnoise,cubic_spline,200,ok
0.6561163812891664,0.16847108693465734,0.22147454186129176,0.0016083084702897235,0.0013303000014275312,4800,polynomial__uneven_uniformnoise,savgol_resampled,200,ok
1.452160924733107,0.10178627722603405,0.24367407091803817,0.0003453937017726,0.0011639000149443746,4800,polynomial__uneven_uniformnoise,savgol_matched,200,ok
20.712772076075453,2.634658555553033,3.7773233197937923,0.02788950811546861,0.02672789990901947,4800,polynomial__uneven_uniformnoise,ALPRD_v1.0,200,ok
20.712772076075453,2.634658555552973,3.777323319793602,0.027889508115468684,0.03227550000883639,4800,polynomial__uneven_uniformnoise,ALPRD_v1.0_fast,200,ok
3.1283615260781517,0.7312894079340808,0.8483891490787758,0.011047128319614796,0.33969880000222474,4800,polynomial__uneven_uniformnoise,ALPRD_v1.1,200,ok
213463.537311954,3536.6278492699207,19290.658620957867,0.018192520863504855,2.080004196614027e-05,4800,polynomial__uneven_outliers,forward_diff,200,ok
213463.5826211045,3536.56094945434,19290.655995755318,0.017663609656915703,1.9300030544400215e-05,4800,polynomial__uneven_outliers,backward_diff,200,ok
185077.56943247345,3504.758144127943,19831.05959884652,0.00014642693217963498,4.9900030717253685e-05,4800,polynomial__uneven_outliers,central_diff,200,ok
200309.27575464392,4935.1210068102155,22786.471382104864,1.145655051783869e-14,0.01102879992686212,4800,polynomial__uneven_outliers,high_order_fd,200,ok
197166.45283803847,5588.229412385353,23188.86152003531,0.0035684071329886028,0.0007607999723404646,4800,polynomial__uneven_outliers,cubic_spline,200,ok
12491.73536624225,999.6382951404387,2118.780952525788,0.001413551780901228,0.0015426999889314175,4800,polynomial__uneven_outliers,savgol_resampled,200,ok
589.4960653464681,143.4433186727482,192.10608200954002,1.6205893806035556,0.001015900052152574,4800,polynomial__uneven_outliers,savgol_matched,200,ok
625.0420729908288,121.87511039579059,174.38953697540808,0.8641008836843935,0.021929799928329885,4800,polynomial__uneven_outliers,ALPRD_v1.0,200,ok
625.0420729908288,121.87511039579066,174.3895369754081,0.8641008836843936,0.04093999997712672,4800,polynomial__uneven_outliers,ALPRD_v1.0_fast,200,ok
21602.38206437283,747.7204790637363,2762.509238678479,0.004152454088847162,0.3027826000470668,4800,polynomial__uneven_outliers,ALPRD_v1.1,200,ok
42.69011176439005,4.060464578969645,6.575039669114597,0.03159036793060871,3.660004585981369e-05,3744,polynomial__missing_noisy,forward_diff,156,ok
43.11078240479448,3.9262599938336074,6.489412626331582,0.03151657207231401,3.060000017285347e-05,3744,polynomial__missing_noisy,backward_diff,156,ok
41.72274053127806,2.1363011389180704,5.627982457633339,0.017681633635194833,7.589999586343765e-05,3744,polynomial__missing_noisy,central_diff,156,ok
45.077992388713525,2.7883000147845998,6.308125247471061,0.03142876924182381,0.01641179993748665,3744,polynomial__missing_noisy,high_order_fd,156,ok
43.79903572209909,2.627695929160385,5.923712309732149,0.032153660060965095,0.0008704999927431345,3744,polynomial__missing_noisy,cubic_spline,156,ok
1.769403448748335,0.3418529848720858,0.4823453735491644,0.0033319966213770577,0.0020382999209687114,3744,polynomial__missing_noisy,savgol_resampled,156,ok
1.4991027734163254,0.12150037185009574,0.24723453613305632,0.0006827662084928285,0.0016836000140756369,3744,polynomial__missing_noisy,savgol_matched,156,ok
24.949380803634085,2.6434757854361948,4.152692213271807,0.029526410421291366,0.03369189996737987,3744,polynomial__missing_noisy,ALPRD_v1.0,156,ok
24.949380803632152,2.643475785436178,4.1526922132716795,0.029526410421291366,0.032901300000958145,3744,polynomial__missing_noisy,ALPRD_v1.0_fast,156,ok
5.598533109283153,0.97681181819335,1.133429115772521,0.013010535533316986,0.2692353999009356,3744,polynomial__missing_noisy,ALPRD_v1.1,156,ok
0.12208002539383034,0.0800511776706308,0.08797451382754308,0.047911372313837325,1.2999982573091984e-05,4800,sinusoidal__clean_uniform,forward_diff,200,ok
0.12208276150942107,0.08004614627472989,0.08796320965152155,0.04873711302827945,1.1499971151351929e-05,4800,sinusoidal__clean_uniform,backward_diff,200,ok
0.05634343180459611,0.0027931779378355835,0.005935796496356361,0.001363044214828108,2.9700109735131264e-05,4800,sinusoidal__clean_uniform,central_diff,200,ok
3.076199714735495e-05,4.016305402185201e-06,5.155410060719435e-06,2.2291200206023672e-06,0.00735169998370111,4800,sinusoidal__clean_uniform,high_order_fd,200,ok
0.00018355880173492878,2.989245151961712e-06,1.830428408830105e-05,3.722444295858614e-07,0.0004975999472662807,4800,sinusoidal__clean_uniform,cubic_spline,200,ok
0.015232601609622254,0.0004470418405161164,0.0016456745768425628,0.00010562640962229253,0.001078900066204369,4800,sinusoidal__clean_uniform,savgol_resampled,200,ok
1.6498425443956992,0.15145033332800678,0.2767763181426037,0.04751393068661761,0.0009726999560371041,4800,sinusoidal__clean_uniform,savgol_matched,200,ok
0.6522273751118255,0.4192308186016423,0.46205736446078083,0.24156742789743,0.021843699971213937,4800,sinusoidal__clean_uniform,ALPRD_v1.0,200,ok
0.6522273751118255,0.4192308186016424,0.46205736446078094,0.24156742789743,0.034541600034572184,4800,sinusoidal__clean_uniform,ALPRD_v1.0_fast,200,ok
2.5220401807865276,0.1659559332828348,0.31125370213803794,0.04231654667364887,0.5283202000427991,4800,sinusoidal__clean_uniform,ALPRD_v1.1,200,ok
0.24000046686828447,0.07992696508726828,0.0980123795107738,0.04062532634368346,3.3800024539232254e-05,4800,sinusoidal__uneven_clean,forward_diff,200,ok
0.24471198056147514,0.08001696083316955,0.09820614371862048,0.04027922840929548,3.170000854879618e-05,4800,sinusoidal__uneven_clean,backward_diff,200,ok
0.039143680660082225,0.002419588657869807,0.004650412608618049,0.0011345342907018974,7.940002251416445e-05,4800,sinusoidal__uneven_clean,central_diff,200,ok
2.922294280915949e-05,3.6335053154441366e-06,5.3078947092019435e-06,1.6794709813179269e-06,0.021654599928297102,4800,sinusoidal__uneven_clean,high_order_fd,200,ok
0.0001916114683502279,2.3495888424194304e-05,3.4830905336085746e-05,9.47379105780308e-06,0.0024164000060409307,4800,sinusoidal__uneven_clean,cubic_spline,200,ok
0.025372974463688358,0.005694479424904662,0.006891403659348232,0.0029299517131491535,0.0037698999512940645,4800,sinusoidal__uneven_clean,savgol_resampled,200,ok
1.644089043158799,0.15434727310913426,0.2774853674983316,0.049568671095823844,0.0029203000012785196,4800,sinusoidal__uneven_clean,savgol_matched,200,ok
0.6752004647527614,0.41210222172542343,0.45392511149479875,0.23942900907472672,0.06745879992377013,4800,sinusoidal__uneven_clean,ALPRD_v1.0,200,ok
0.6752004647527605,0.41210222172542343,0.45392511149479875,0.2394290090747266,0.09595160000026226,4800,sinusoidal__uneven_clean,ALPRD_v1.0_fast,200,ok
2.157383130396453,0.13254614934776662,0.2653355249913123,0.041615423678832864,0.7811009000288323,4800,sinusoidal__uneven_clean,ALPRD_v1.1,200,ok
42.88838532759207,1.9424693274624432,4.57304321484959,0.6853173234457584,2.889998722821474e-05,4800,sinusoidal__uneven_gaussian,forward_diff,200,ok
42.9123654227419,1.9399402728628752,4.573428667311888,0.6991007508703873,9.06999921426177e-05,4800,sinusoidal__uneven_gaussian,backward_diff,200,ok
40.70453802282128,2.295065941429744,5.7880957262066,0.61478556782749,7.160007953643799e-05,4800,sinusoidal__uneven_gaussian,central_diff,200,ok
42.62417728486914,2.846432099206098,6.222220039221604,0.8988861496678446,0.01936620008200407,4800,sinusoidal__uneven_gaussian,high_order_fd,200,ok
42.17307279318621,2.9200118323389366,6.206050993127882,0.9754817315509274,0.001332600018940866,4800,sinusoidal__uneven_gaussian,cubic_spline,200,ok
1.370776961969975,0.19715001019395367,0.2562523345324638,0.09545142046830898,0.0032372999703511596,4800,sinusoidal__uneven_gaussian,savgol_resampled,200,ok
1.743610378852948,0.15221485697845055,0.2894801406564334,0.04714602283800394,0.0041389999678358436,4800,sinusoidal__uneven_gaussian,savgol_matched,200,ok
0.6559380367476981,0.402227693960742,0.4437817359755641,0.23606593274132875,0.08935220004059374,4800,sinusoidal__uneven_gaussian,ALPRD_v1.0,200,ok
0.6559380367476981,0.4022276939607419,0.443781735975564,0.23606593274132878,0.08821720001287758,4800,sinusoidal__uneven_gaussian,ALPRD_v1.0_fast,200,ok
0.6390310429835665,0.093618799441034,0.13593069031883145,0.04525100067722658,0.7010730999754742,4800,sinusoidal__uneven_gaussian,ALPRD_v1.1,200,ok
53.43820350041737,1.4953649855240738,4.658281155825044,0.4604307362830157,2.9999995604157448e-05,4800,sinusoidal__uneven_uniformnoise,forward_diff,200,ok
53.439816308559266,1.4908453609311652,4.65973040845355,0.4336726087331063,2.7000089175999165e-05,4800,sinusoidal__uneven_uniformnoise,backward_diff,200,ok
52.81405967242072,1.9839708731349956,6.315657880872951,0.36477353951123265,8.52999510243535e-05,4800,sinusoidal__uneven_uniformnoise,central_diff,200,ok
53.468965047796296,2.5319007665293856,6.834896726299349,0.5862061121849831,0.019840499968267977,4800,sinusoidal__uneven_uniformnoise,high_order_fd,200,ok
53.250418997021754,2.5721695483716673,6.7024873873775155,0.6594484641216327,0.0011771999998018146,4800,sinusoidal__uneven_uniformnoise,cubic_spline,200,ok
0.34847060157787535,0.10449292866917854,0.1290289290806858,0.05717745064669103,0.0026625000173226,4800,sinusoidal__uneven_uniformnoise,savgol_resampled,200,ok
1.6443667223590652,0.156173546983298,0.28308914945539504,0.0519829812441991,0.002543599926866591,4800,sinusoidal__uneven_uniformnoise,savgol_matched,200,ok
0.675756954414271,0.4112665517349785,0.4533388401856909,0.2403390902354326,0.06081269995775074,4800,sinusoidal__uneven_uniformnoise,ALPRD_v1.0,200,ok
0.6757569544142705,0.4112665517349785,0.453338840185691,0.2403390902354326,0.07630269997753203,4800,sinusoidal__uneven_uniformnoise,ALPRD_v1.0_fast,200,ok
0.7701659657042772,0.10582985649293625,0.15381661080859718,0.048755399922002486,0.6997153999982402,4800,sinusoidal__uneven_uniformnoise,ALPRD_v1.1,200,ok
444.6155706880179,7.436027518275236,40.182146344247684,0.04095811707265813,2.0300038158893585e-05,4800,sinusoidal__uneven_outliers,forward_diff,200,ok
444.66667136081793,7.435028785443669,40.18235012830546,0.04266007963545481,1.7000013031065464e-05,4800,sinusoidal__uneven_outliers,backward_diff,200,ok
385.5129809239528,7.302558747070866,41.30776889639288,0.0012021898379330986,4.650000482797623e-05,4800,sinusoidal__uneven_outliers,central_diff,200,ok
417.24092924899503,10.279778918951884,47.46384532910958,1.999881796459645e-06,0.012194299953989685,4800,sinusoidal__uneven_outliers,high_order_fd,200,ok
410.694516801944,11.64019340253242,48.302017915289426,0.00012654921659176454,0.0007877000607550144,4800,sinusoidal__uneven_outliers,cubic_spline,200,ok
26.010572601687674,2.0864135419063046,4.413975792325573,0.005686792165538244,0.001711699995212257,4800,sinusoidal__uneven_outliers,savgol_resampled,200,ok
1.3589396005857883,0.3171716703298724,0.40878288555044556,0.14635790840382096,0.0018283999525010586,4800,sinusoidal__uneven_outliers,savgol_matched,200,ok
1.690241615099581,0.5682129690917056,0.6843626698843118,0.26587107464135307,0.038512300001457334,4800,sinusoidal__uneven_outliers,ALPRD_v1.0,200,ok
1.6902416150995832,0.5682129690917056,0.6843626698843119,0.26587107464135307,0.029314199928194284,4800,sinusoidal__uneven_outliers,ALPRD_v1.0_fast,200,ok
11.84018930272356,0.970508763078854,2.197159807654405,0.04241267502985388,0.3841185999335721,4800,sinusoidal__uneven_outliers,ALPRD_v1.1,200,ok
42.88838532759207,1.6966289932478575,4.276397127775893,0.6766748186222399,1.71000137925148e-05,3744,sinusoidal__missing_noisy,forward_diff,156,ok
42.9123654227419,1.6941613731920262,4.276669305009561,0.6424611199797214,1.379998866468668e-05,3744,sinusoidal__missing_noisy,backward_diff,156,ok
41.72811462935792,2.0346098579322276,5.488675568258016,0.5533021059388579,3.2100011594593525e-05,3744,sinusoidal__missing_noisy,central_diff,156,ok
45.07799173084424,2.788301971372197,6.308131053173661,0.8306806673623194,0.006766500067897141,3744,sinusoidal__missing_noisy,high_order_fd,156,ok
43.79891161975392,2.627666025030349,5.923690603428586,0.8213988620038191,0.0005125000607222319,3744,sinusoidal__missing_noisy,cubic_spline,156,ok
1.5090987553872117,0.150790635464773,0.2141802277199573,0.07455554014088397,0.0010923000518232584,3744,sinusoidal__missing_noisy,savgol_resampled,156,ok
1.7197141985498416,0.14004201212513442,0.2744831910921661,0.0408105316828437,0.0009941000025719404,3744,sinusoidal__missing_noisy,savgol_matched,156,ok
0.8176193174895314,0.40991140923078256,0.4548682961934127,0.22244686390538182,0.01656999997794628,3744,sinusoidal__missing_noisy,ALPRD_v1.0,156,ok
0.8176193174895308,0.4099114092307826,0.4548682961934127,0.22244686390538176,0.027988099958747625,3744,sinusoidal__missing_noisy,ALPRD_v1.0_fast,156,ok
0.6957294096592639,0.10711638538228804,0.1483988622212058,0.0543923510747887,0.22910450003109872,3744,sinusoidal__missing_noisy,ALPRD_v1.1,156,ok
0.08106461119248465,0.022820241226339896,0.031169411292973605,0.008845753276813086,1.370010431855917e-05,4800,exponential__clean_uniform,forward_diff,200,ok
0.08106461119248465,0.02255909862637928,0.03081844428552262,0.008742639807711118,1.0600080713629723e-05,4800,exponential__clean_uniform,backward_diff,200,ok
0.08106461119248465,0.0005482784105304178,0.005737587912639342,5.155673455021062e-05,3.0199997127056122e-05,4800,exponential__clean_uniform,central_diff,200,ok
1.7233389115745013e-07,9.039331269888873e-09,1.66044115017575e-08,3.189722795628359e-09,0.01878839998971671,4800,exponential__clean_uniform,high_order_fd,200,ok
8.905153569216395e-06,6.390716362769666e-08,6.538149762504605e-07,5.315834432601183e-10,0.000811500009149313,4800,exponential__clean_uniform,cubic_spline,200,ok
0.00048787503319935865,5.003986079484546e-06,3.754128918133112e-05,1.5207812629685958e-07,0.0019036999437958002,4800,exponential__clean_uniform,savgol_resampled,200,ok
0.05094917246261765,0.0017564957452276242,0.006181540653416028,8.028990261452607e-05,0.001671800040639937,4800,exponential__clean_uniform,savgol_matched,200,ok
0.3104536670126645,0.02885706424926818,0.0491628854839034,0.010210741805212625,0.1895352000137791,4800,exponential__clean_uniform,ALPRD_v1.0,200,ok
0.3104536670127338,0.02885706424926975,0.04916288548391014,0.010210741805212677,0.049875999917276204,4800,exponential__clean_uniform,ALPRD_v1.0_fast,200,ok
0.1493868092514017,0.02896622857364648,0.035869723045936386,0.01784515885129531,0.34244320006109774,4800,exponential__clean_uniform,ALPRD_v1.1,200,ok
0.1253654673804645,0.022676978295656958,0.034090410336486666,0.008731812776298612,1.9699917174875736e-05,4800,exponential__uneven_clean,forward_diff,200,ok
0.12666984385750446,0.0225715333131493,0.034141042748013814,0.008631314512109526,1.789990346878767e-05,4800,exponential__uneven_clean,backward_diff,200,ok
0.055446084087659386,0.0004042808652718341,0.003927563739288371,4.4258656585368034e-05,5.809997674077749e-05,4800,exponential__uneven_clean,central_diff,200,ok
1.432105065646283e-07,7.980416772412901e-09,1.6026196106268956e-08,2.4187315470859094e-09,0.013012300012633204,4800,exponential__uneven_clean,high_order_fd,200,ok
6.539450001952218e-06,2.764926788639821e-07,6.457782482640625e-07,7.765101713238412e-08,0.0008089999901130795,4800,exponential__uneven_clean,cubic_spline,200,ok
0.006724677966347237,0.0010185486074612974,0.0016473068815022053,0.00026126034362462266,0.0018684000242501497,4800,exponential__uneven_clean,savgol_resampled,200,ok
0.0528553459678065,0.0017638662122296458,0.006464312926564268,4.3098883671220385e-05,0.001693699974566698,4800,exponential__uneven_clean,savgol_matched,200,ok
0.3052636955102397,0.028347383729042438,0.04834535174523395,0.010041570845413881,0.037110499921254814,4800,exponential__uneven_clean,ALPRD_v1.0,200,ok
0.30526369551025745,0.028347383729042185,0.048345351745233384,0.010041570845413482,0.0518150000134483,4800,exponential__uneven_clean,ALPRD_v1.0_fast,200,ok
0.1117436057154606,0.016240687223174698,0.019932842232800823,0.008141719121613041,0.449765200028196,4800,exponential__uneven_clean,ALPRD_v1.1,200,ok
42.898488328734906,1.9362741383552475,4.571942069622707,0.5336289066868759,2.0200037397444248e-05,4800,exponential__uneven_gaussian,forward_diff,200,ok
42.90225068576397,1.9388054123662157,4.572641460018247,0.5402909774741199,1.8299906514585018e-05,4800,exponential__uneven_gaussian,backward_diff,200,ok
40.70472632268302,2.294943803434765,5.788106377109243,0.5141478109863677,4.83999028801918e-05,4800,exponential__uneven_gaussian,central_diff,200,ok
42.624177471531304,2.846432257037459,6.22222016082474,0.8515836653574682,0.011776100029237568,4800,exponential__uneven_gaussian,high_order_fd,200,ok
42.17309417948421,2.9200095599141505,6.206051372986653,0.9572836997437726,0.0007832999108359218,4800,exponential__uneven_gaussian,cubic_spline,200,ok
1.3800544410382147,0.19835397503419222,0.25763328957324894,0.08156907616784216,0.002069000038318336,4800,exponential__uneven_gaussian,savgol_resampled,200,ok
0.11956206400133595,0.026097888054858943,0.03424591486933544,0.011228258950463943,0.0017454000189900398,4800,exponential__uneven_gaussian,savgol_matched,200,ok
0.19581965987479677,0.029686300044154495,0.039763637442010696,0.012538484650391429,0.037800799938850105,4800,exponential__uneven_gaussian,ALPRD_v1.0,200,ok
0.1958196598748838,0.029686300044154054,0.039763637442011016,0.012538484650391429,0.049498099950142205,4800,exponential__uneven_gaussian,ALPRD_v1.0_fast,200,ok
0.3571039288385114,0.03432961567940209,0.0490426965874457,0.013505848163397716,0.46808159991633147,4800,exponential__uneven_gaussian,ALPRD_v1.1,200,ok
53.43944657188567,1.4847546642206026,4.657482886820934,0.35856698910819684,1.880002673715353e-05,4800,exponential__uneven_uniformnoise,forward_diff,200,ok
53.43857242300521,1.489203859262132,4.658659219059462,0.3570462154764339,1.7000013031065464e-05,4800,exponential__uneven_uniformnoise,backward_diff,200,ok
52.81412761690658,1.9834524407111216,6.315627816061663,0.3510892550941331,4.610000178217888e-05,4800,exponential__uneven_uniformnoise,central_diff,200,ok
53.468965116292104,2.5319003501265813,6.834896534072027,0.581046491242917,0.012096600024960935,4800,exponential__uneven_uniformnoise,high_order_fd,200,ok
53.250419459634244,2.572163537879038,6.702485633509872,0.6502443323090454,0.000790799967944622,4800,exponential__uneven_uniformnoise,cubic_spline,200,ok
0.35146468002252207,0.1053774790476957,0.13032893560620742,0.05084845583552913,0.0017438000068068504,4800,exponential__uneven_uniformnoise,savgol_resampled,200,ok
0.02575828297486482,0.010757821762371993,0.013184128068258482,0.004005490954137179,0.0016814999980852008,4800,exponential__uneven_uniformnoise,savgol_matched,200,ok
0.2738771855497628,0.02926005016619049,0.045205232377776024,0.010303648717047947,0.03638229996431619,4800,exponential__uneven_uniformnoise,ALPRD_v1.0,200,ok
0.27387718554963847,0.02926005016619044,0.045205232377773366,0.010303648717047916,0.04627049993723631,4800,exponential__uneven_uniformnoise,ALPRD_v1.0_fast,200,ok
0.575412145789282,0.03272091689246941,0.06982692948943695,0.008922580290642742,0.47333070007152855,4800,exponential__uneven_uniformnoise,ALPRD_v1.1,200,ok
2821.5313575984687,46.74001352414561,254.9813188005016,0.008996266532081663,1.3499986380338669e-05,4800,exponential__uneven_outliers,forward_diff,200,ok
2821.5337360365384,46.73921478405362,254.98129112082233,0.008889632032824106,1.8300022929906845e-05,4800,exponential__uneven_outliers,backward_diff,200,ok
2446.33035994472,46.325342631875195,262.12427185215796,4.645242106154464e-05,2.9799994081258774e-05,4800,exponential__uneven_outliers,central_diff,200,ok
2647.660992632624,65.23176390814442,301.1885056779537,2.850154562962431e-09,0.007653599954210222,4800,exponential__uneven_outliers,high_order_fd,200,ok
2606.119583342524,73.86446277597368,306.50724424704885,0.00045925956666404067,0.0005381000228226185,4800,exponential__uneven_outliers,cubic_spline,200,ok
165.1139749656747,13.212719614459697,28.005678434195914,0.0006618335187523726,0.001061699935235083,4800,exponential__uneven_outliers,savgol_resampled,200,ok
7.791838417935532,1.8963887377165685,2.5407885201263647,0.7821011857790074,0.0009939000010490417,4800,exponential__uneven_outliers,savgol_matched,200,ok
8.283389612176817,1.6098624152801815,2.3073332873720878,0.5393137993520931,0.023187000071629882,4800,exponential__uneven_outliers,ALPRD_v1.0,200,ok
8.28338961217681,1.6098624152801813,2.3073332873720873,0.5393137993520933,0.029649300035089254,4800,exponential__uneven_outliers,ALPRD_v1.0_fast,200,ok
242.0856186299802,8.784935239017786,29.352445751217385,0.007861790137509355,0.33379369997419417,4800,exponential__uneven_outliers,ALPRD_v1.1,200,ok
42.898488328734906,1.6881121401194032,4.274390323833491,0.43813948061240016,1.5400000847876072e-05,3744,exponential__missing_noisy,forward_diff,156,ok
42.90225068576397,1.6917171879721797,4.274881416808336,0.4447623802815398,1.179997343569994e-05,3744,exponential__missing_noisy,backward_diff,156,ok
41.72841791502069,2.034129700473559,5.488576745317596,0.5115804574011155,2.7799978852272034e-05,3744,exponential__missing_noisy,central_diff,156,ok
45.07799239218388,2.7883000200590664,6.308125259933924,0.7511499846803744,0.005690700025297701,3744,exponential__missing_noisy,high_order_fd,156,ok
43.79899676165463,2.627695298578594,5.923715995848912,0.7529447537225533,0.0004925000248476863,3744,exponential__missing_noisy,cubic_spline,156,ok
1.5594672895005186,0.1577227227989515,0.22185675156494683,0.05848733043772544,0.0010198000818490982,3744,exponential__missing_noisy,savgol_resampled,156,ok
0.14797070960826825,0.031996682969445495,0.03983048574282393,0.014969974431826908,0.0009319999953731894,3744,exponential__missing_noisy,savgol_matched,156,ok
0.2857647905417178,0.033035649928825364,0.04760521788509632,0.014503959180502558,0.016383799957111478,3744,exponential__missing_noisy,ALPRD_v1.0,156,ok
0.28576479054170534,0.03303564992882521,0.047605217885095225,0.014503959180502908,0.01853510004002601,3744,exponential__missing_noisy,ALPRD_v1.0_fast,156,ok
0.14230875974028323,0.04268741989980369,0.05536176691483258,0.016329358379520376,0.2826852999860421,3744,exponential__missing_noisy,ALPRD_v1.1,156,ok
0.2464824120615816,0.24648241206029964,0.24648241206029964,0.006184332803245082,1.1999974958598614e-05,4800,projectile__clean_uniform,forward_diff,200,ok
0.24648241206189425,0.24648241206030794,0.24648241206030794,0.006184332803248403,1.0599964298307896e-05,4800,projectile__clean_uniform,backward_diff,200,ok
0.24648241206119792,0.002464824120732143,0.02464824120607494,1.9765618764983754e-15,2.7499976567924023e-05,4800,projectile__clean_uniform,central_diff,200,ok
3.211653165635653e-12,4.921574259242334e-13,7.562520786223722e-13,8.024508955461072e-15,0.006805200013332069,4800,projectile__clean_uniform,high_order_fd,200,ok
2.5863755581667647e-12,2.253884578973242e-13,3.9127059694902625e-13,3.767212081185945e-15,0.0004640000406652689,4800,projectile__clean_uniform,cubic_spline,200,ok
4.959588295605499e-12,1.2665868354133635e-13,4.693105627301136e-13,1.152222576908509e-15,0.0010046999668702483,4800,projectile__clean_uniform,savgol_resampled,200,ok
9.947598300641403e-13,2.704639290307398e-13,3.9910390862265477e-13,4.9421851386633904e-15,0.000939000048674643,4800,projectile__clean_uniform,savgol_matched,200,ok
7.290168468898628e-12,1.4586248875403385e-13,7.398035475196432e-13,3.071641200324491e-16,0.020243700011633337,4800,projectile__clean_uniform,ALPRD_v1.0,200,ok
7.062794793455396e-12,1.0673156802809558e-13,5.697535518175236e-13,2.882032707891471e-16,0.026692999992519617,4800,projectile__clean_uniform,ALPRD_v1.0_fast,200,ok
4.320099833421409e-12,1.5914686235518616e-13,5.897947921015788e-13,3.6716113071830097e-16,0.3214996000751853,4800,projectile__clean_uniform,ALPRD_v1.1,200,ok
0.5128788147061911,0.24609137506731332,0.2722664730246135,0.006471958462677129,1.1399970389902592e-05,4800,projectile__uneven_clean,forward_diff,200,ok
0.5128788147063261,0.24621141698154722,0.27234594627999775,0.0064297971762519255,1.009996049106121e-05,4800,projectile__uneven_clean,backward_diff,200,ok
0.19228339635837166,0.001802792049704756,0.018067842241742387,4.736539799011433e-15,3.390002530068159e-05,4800,projectile__uneven_clean,central_diff,200,ok
9.401190936841886e-11,2.2147572664721336e-12,9.377830049077757e-12,9.45196978248812e-15,0.006993599934503436,4800,projectile__uneven_clean,high_order_fd,200,ok
4.298783551348606e-11,1.150939950983476e-12,4.623498045149358e-12,7.635190352965531e-15,0.00048159994184970856,4800,projectile__uneven_clean,cubic_spline,200,ok
0.03161309732900364,0.009888628405128542,0.01268638659916026,0.00024091912162695132,0.001032399944961071,4800,projectile__uneven_clean,savgol_resampled,200,ok
0.009026338660831357,0.0012461832466986505,0.00189621138566272,2.4380999014207768e-05,0.0009434000821784139,4800,projectile__uneven_clean,savgol_matched,200,ok
6.266986929404084e-12,1.4147617105608746e-13,6.787949241030526e-13,4.158037953649761e-16,0.021202899981290102,4800,projectile__uneven_clean,ALPRD_v1.0,200,ok
6.181721801112872e-12,1.1470448722794567e-13,5.653319982249472e-13,3.4036102377860665e-16,0.042902100016362965,4800,projectile__uneven_clean,ALPRD_v1.0_fast,200,ok
4.675371201301459e-12,1.5154656175797588e-13,5.776432735823124e-13,4.644715040560058e-16,0.40971599996555597,4800,projectile__uneven_clean,ALPRD_v1.1,200,ok
42.92595697716953,1.9509314783669072,4.580048971200008,0.02934651376229195,1.910002902150154e-05,4800,projectile__uneven_gaussian,forward_diff,200,ok
42.87478089239847,1.9845299718592337,4.580643556561245,0.03179662493787096,1.6700010746717453e-05,4800,projectile__uneven_gaussian,backward_diff,200,ok
40.70474818842235,2.294796471281609,5.788260827218679,0.030306152271448762,4.5900000259280205e-05,4800,projectile__uneven_gaussian,central_diff,200,ok
42.624177470788645,2.8464322567952793,6.222220160955387,0.04370566036507094,0.012400100007653236,4800,projectile__uneven_gaussian,high_order_fd,200,ok
42.17309405429376,2.920009540185841,6.20605136470472,0.05255258279525429,0.0011489000171422958,4800,projectile__uneven_gaussian,cubic_spline,200,ok
1.4035192043801104,0.1973519269329775,0.25766468479724725,0.0044849156797065375,0.0025415000272914767,4800,projectile__uneven_gaussian,savgol_resampled,200,ok
0.18144374862934853,0.02757549395934111,0.038905236277371524,0.0006938071213437114,0.0026445999974384904,4800,projectile__uneven_gaussian,savgol_matched,200,ok
0.10944403563452454,0.02032594700588186,0.027124069630305673,0.0005245495477484379,0.03882949997205287,4800,projectile__uneven_gaussian,ALPRD_v1.0,200,ok
0.10944403563655669,0.020325947005876092,0.02712406963030416,0.0005245495477485743,0.04457949998322874,4800,projectile__uneven_gaussian,ALPRD_v1.0_fast,200,ok
0.0449908425096055,0.012157291003396157,0.014856132917976578,0.0003136467390500485,0.3976431000046432,4800,projectile__uneven_gaussian,ALPRD_v1.1,200,ok
53.435243790725444,1.529519281293099,4.665442309740534,0.02158417084282365,2.0900042727589607e-05,4800,projectile__uneven_uniformnoise,forward_diff,200,ok
53.4427752432533,1.5389676135298498,4.666686400124296,0.021733086711128002,1.6499892808496952e-05,4800,projectile__uneven_uniformnoise,backward_diff,200,ok
52.81412428437767,1.9855603023334794,6.315896828400046,0.021119014300661244,4.529999569058418e-05,4800,projectile__uneven_uniformnoise,central_diff,200,ok
53.46896511636901,2.5319003509322395,6.834896533757233,0.02785501203074918,0.010914699989371002,4800,projectile__uneven_uniformnoise,high_order_fd,200,ok
53.2504194695292,2.5721635925132076,6.70248562581005,0.0307611491529802,0.0006265999982133508,4800,projectile__uneven_uniformnoise,cubic_spline,200,ok
0.3749294433644206,0.10468139853460907,0.12954621892746923,0.0024253616647440844,0.0013559999642893672,4800,projectile__uneven_uniformnoise,savgol_resampled,200,ok
0.07800947284627568,0.01226664465035742,0.017043396662813515,0.00024663639158965285,0.0010516999755054712,4800,projectile__uneven_uniformnoise,savgol_matched,200,ok
0.03138650995965975,0.008424552366152806,0.01153184859371182,0.00011567201719006191,0.02195009996648878,4800,projectile__uneven_uniformnoise,ALPRD_v1.0,200,ok
0.031386509961805586,0.008424552366127018,0.011531848593672988,0.00011567201718980038,0.026986099896021187,4800,projectile__uneven_uniformnoise,ALPRD_v1.0_fast,200,ok
0.027746656439445516,0.005592595434418459,0.008220825246241417,8.308830622746971e-05,0.34110790002159774,4800,projectile__uneven_uniformnoise,ALPRD_v1.1,200,ok
49917.49851159357,826.7468730279065,4511.028880520079,0.006874264941756312,3.8400059565901756e-05,4800,projectile__uneven_outliers,forward_diff,200,ok
49917.38791779341,826.7542276852228,4511.0288805248765,0.0068758136940026025,3.270001616328955e-05,4800,projectile__uneven_outliers,backward_diff,200,ok
43279.514028907004,819.5645523238293,4637.399487923928,5.481879158591801e-15,8.210004307329655e-05,4800,projectile__uneven_outliers,central_diff,200,ok
46841.376129854,1154.054690954479,5328.508490983263,1.3275337043942455e-14,0.011825300054624677,4800,projectile__uneven_outliers,high_order_fd,200,ok
46106.441869026865,1306.7810002783642,5422.605520717779,0.0005010776096886313,0.0008393999887630343,4800,projectile__uneven_outliers,cubic_spline,200,ok
2921.1591574585495,233.74231810944457,495.45967502724176,0.0004291026569555288,0.0018485999898985028,4800,projectile__uneven_outliers,savgol_resampled,200,ok
137.84961423294905,33.54149769208149,44.924873132251584,0.7485381368367665,0.0016094999155029655,4800,projectile__uneven_outliers,savgol_matched,200,ok
146.26389349998456,28.284854234379896,40.5862042876936,0.5200285486472765,0.03560329996980727,4800,projectile__uneven_outliers,ALPRD_v1.0,200,ok
146.26389349998445,28.28485423437987,40.58620428769357,0.5200285486472767,0.04036790004465729,4800,projectile__uneven_outliers,ALPRD_v1.0_fast,200,ok
4282.884349145247,162.50042300251786,523.2703263946516,0.04478212154958802,0.3215654001105577,4800,projectile__uneven_outliers,ALPRD_v1.1,200,ok
42.92595697716953,1.7562359910367904,4.290026688592075,0.026913360299684067,2.259993925690651e-05,3744,projectile__missing_noisy,forward_diff,156,ok
42.87478089239847,1.7683659548823165,4.2908820510373324,0.029821289492546928,1.8700025975704193e-05,3744,projectile__missing_noisy,backward_diff,156,ok
41.72846010540898,2.038189322656848,5.4894224069188065,0.023824595919735826,4.4599990360438824e-05,3744,projectile__missing_noisy,central_diff,156,ok
45.07799238868022,2.7883000147888737,6.308125247475815,0.04059769622898915,0.009088899940252304,3744,projectile__missing_noisy,high_order_fd,156,ok
43.79899626362175,2.6276947735567715,5.923715670367746,0.04458521241594661,0.0007713999366387725,3744,projectile__missing_noisy,cubic_spline,156,ok
1.5256187817616818,0.16415505511346665,0.22666322727978702,0.0038437220306706136,0.0016564999241381884,3744,projectile__missing_noisy,savgol_resampled,156,ok
0.18850145424087827,0.034932343526036705,0.04461442069020519,0.0008866066128072482,0.0015734999906271696,3744,projectile__missing_noisy,savgol_matched,156,ok
0.07734029315307112,0.02131368856473826,0.02531691989431964,0.0005445843906960214,0.0355938000138849,3744,projectile__missing_noisy,ALPRD_v1.0,156,ok
0.07734029315136581,0.021313688564736203,0.025316919894298497,0.0005445843906957522,0.03283420007210225,3744,projectile__missing_noisy,ALPRD_v1.0_fast,156,ok
0.038211947352003506,0.012545694330151529,0.0148214721105969,0.00031373014956682455,0.20647410000674427,3744,projectile__missing_noisy,ALPRD_v1.1,156,ok
0.10853144879169326,0.06762242890513864,0.07538303131982473,0.02829751652853612,1.2299977242946625e-05,4800,circular__clean_uniform,forward_diff,200,ok
0.10850982665345356,0.06770121696167729,0.0754649635544349,0.028297516528548596,1.0199961252510548e-05,4800,circular__clean_uniform,backward_diff,200,ok
0.10850982665345356,0.002410202131788961,0.01010851901121745,0.0006059351241541864,2.7900096029043198e-05,4800,circular__clean_uniform,central_diff,200,ok
5.8851297102258116e-06,1.0671293161525555e-06,1.2172029818171277e-06,4.4055833564837335e-07,0.006809499929659069,4800,circular__clean_uniform,high_order_fd,200,ok
0.00014148245608063234,1.9162679630687436e-06,1.3378624744212405e-05,7.348998907917679e-08,0.0004665000597015023,4800,circular__clean_uniform,cubic_spline,200,ok
0.007913692381841463,0.00017118705068439318,0.0007450798318571828,2.094467306957625e-05,0.000990999978967011,4800,circular__clean_uniform,savgol_resampled,200,ok
0.308554974356682,0.0368810780193862,0.057201364728877574,0.010266478621412882,0.0009230000432580709,4800,circular__clean_uniform,savgol_matched,200,ok
1.6370451428222448,0.3192634343594824,0.3996866844634237,0.11394382237810116,0.020392199978232384,4800,circular__clean_uniform,ALPRD_v1.0,200,ok
1.6370451428222514,0.3192634343594822,0.39968668446342326,0.11394382237810112,0.039827800006605685,4800,circular__clean_uniform,ALPRD_v1.0_fast,200,ok
0.6824249216540053,0.11997313374319835,0.1468875796390787,0.04230002835609087,0.37101040000561625,4800,circular__clean_uniform,ALPRD_v1.1,200,ok
0.19942585743912522,0.06749404839449506,0.08261543086561848,0.023624687159383116,1.2600095942616463e-05,4800,circular__uneven_clean,forward_diff,200,ok
0.20367602031388032,0.06755455612290655,0.08264266699488346,0.024530050999535244,1.4899997040629387e-05,4800,circular__uneven_clean,backward_diff,200,ok
0.0846596432160102,0.0019763612072391523,0.0075914102615864,0.0005186946581734178,2.8499984182417393e-05,4800,circular__uneven_clean,central_diff,200,ok
4.911491018777525e-06,9.145759698508255e-07,1.2440996778246946e-06,3.264342264388017e-07,0.007416300009936094,4800,circular__uneven_clean,high_order_fd,200,ok
0.00015730530708574144,9.38511906783675e-06,1.7656510232722573e-05,2.2746812108902713e-06,0.0005022999830543995,4800,circular__uneven_clean,cubic_spline,200,ok
0.011766313553309704,0.0037809184078911318,0.004630925688583957,0.0011272799462410847,0.0010581000242382288,4800,circular__uneven_clean,savgol_resampled,200,ok
0.30678450323593465,0.03817674511860396,0.05780776117031486,0.011136847974393824,0.0010097000049427152,4800,circular__uneven_clean,savgol_matched,200,ok
1.60818708865943,0.3153549284469516,0.39581017302155735,0.11226250984733746,0.021553700091317296,4800,circular__uneven_clean,ALPRD_v1.0,200,ok
1.608187088659447,0.31535492844695173,0.3958101730215577,0.1122625098473376,0.02543779998086393,4800,circular__uneven_clean,ALPRD_v1.0_fast,200,ok
0.6625485493052721,0.06376259340928653,0.09396831153046059,0.019557136596105,0.3428667999105528,4800,circular__uneven_clean,ALPRD_v1.1,200,ok
42.909921443283785,1.9360030022190773,4.572594039459222,0.45571197804028213,1.8300022929906845e-05,4800,circular__uneven_gaussian,forward_diff,200,ok
42.89082891845144,1.9425024391265646,4.573294273772023,0.5181153854407872,1.7200014553964138e-05,4800,circular__uneven_gaussian,backward_diff,200,ok
40.70450020759147,2.2949254737452485,5.788194883665639,0.44865228832199944,4.600000102072954e-05,4800,circular__uneven_gaussian,central_diff,200,ok
42.62417737327244,2.8464324012541806,6.222220213394759,0.7038880098909857,0.01178910001181066,4800,circular__uneven_gaussian,high_order_fd,200,ok
42.173101172184005,2.920008011588885,6.206050866999197,0.7367118243976882,0.0007877000607550144,4800,circular__uneven_gaussian,cubic_spline,200,ok
1.3824163518479187,0.19929160472886343,0.2585641938042417,0.0754867277795827,0.001699600019492209,4800,circular__uneven_gaussian,savgol_resampled,200,ok
0.4264071306190478,0.05894003110810704,0.08585187078566567,0.022046126541351463,0.0016270000487565994,4800,circular__uneven_gaussian,savgol_matched,200,ok
1.7176311242948206,0.3305109082408829,0.415083803289796,0.1197947445615494,0.032337999902665615,4800,circular__uneven_gaussian,ALPRD_v1.0,200,ok
1.717631124294814,0.33051090824088286,0.41508380328979555,0.11979474456154932,0.02681860001757741,4800,circular__uneven_gaussian,ALPRD_v1.0_fast,200,ok
0.6732014622867961,0.09298669427114213,0.12711253477153672,0.03662228726050804,0.29125619994010776,4800,circular__uneven_gaussian,ALPRD_v1.1,200,ok
53.439883024779014,1.4857251264951252,4.658146283879982,0.2874594301549235,1.1499971151351929e-05,4800,circular__uneven_uniformnoise,forward_diff,200,ok
53.438135576420905,1.4951486469758368,4.659366595842727,0.2947107739018724,1.0300078429281712e-05,4800,circular__uneven_uniformnoise,backward_diff,200,ok
52.81416045864738,1.9846136349963701,6.315749590071845,0.2923715051922151,2.7400092221796513e-05,4800,circular__uneven_uniformnoise,central_diff,200,ok
53.468965133544025,2.531900387664267,6.83489649141786,0.4430514118437606,0.006975599913857877,4800,circular__uneven_uniformnoise,high_order_fd,200,ok
53.25041970008027,2.572161876933157,6.702484748069377,0.5255653478003214,0.0004824000643566251,4800,circular__uneven_uniformnoise,cubic_spline,200,ok
0.3538265908322347,0.10545380860238858,0.13050616456606196,0.03993249182031704,0.0010423000203445554,4800,circular__uneven_uniformnoise,savgol_resampled,200,ok
0.3229728548358799,0.040932582733369784,0.06585224605800774,0.01171220012101221,0.0009580000769346952,4800,circular__uneven_uniformnoise,savgol_matched,200,ok
1.639573598620053,0.31539964796575726,0.39688343073381527,0.11167148198053585,0.02032909996341914,4800,circular__uneven_uniformnoise,ALPRD_v1.0,200,ok
1.6395735986200575,0.3153996479657573,0.39688343073381527,0.11167148198053564,0.025382400024682283,4800,circular__uneven_uniformnoise,ALPRD_v1.0_fast,200,ok
0.6593547206766859,0.06933367217142053,0.10556229685425172,0.02706868783394546,0.38880269997753203,4800,circular__uneven_uniformnoise,ALPRD_v1.1,200,ok
855.8233015629598,14.234517655107116,77.3424244716653,0.030135143700394884,1.279998105019331e-05,4800,circular__uneven_outliers,forward_diff,200,ok
855.8657419098326,14.233950621804743,77.34265078069558,0.028117797594597788,1.1499971151351929e-05,4800,circular__uneven_outliers,backward_diff,200,ok
742.0354528093116,14.05341057452981,79.50914054296805,0.0005461349812730472,2.859998494386673e-05,4800,circular__uneven_outliers,central_diff,200,ok
803.1047124289856,19.78649798453466,91.35833813343767,3.989005698625893e-07,0.007717199972830713,4800,circular__uneven_outliers,high_order_fd,200,ok
790.5041316196207,22.405021654123455,92.97164984650752,0.00011319003918812154,0.0005622999742627144,4800,circular__uneven_outliers,cubic_spline,200,ok
50.085564935682335,4.009626575828737,8.494276711527416,0.0046420097734696285,0.001187399961054325,4800,circular__uneven_outliers,savgol_resampled,200,ok
2.4007342776733713,0.5747570352304939,0.7562906255444468,0.1831554406277841,0.0016482999781146646,4800,circular__uneven_outliers,savgol_matched,200,ok
3.8014425224329558,0.6056704911358513,0.875693401730541,0.1740586600521999,0.022583500016480684,4800,circular__uneven_outliers,ALPRD_v1.0,200,ok
3.801442522432953,0.6056704911358513,0.8756934017305407,0.17405866005219997,0.030903400038369,4800,circular__uneven_outliers,ALPRD_v1.0_fast,200,ok
22.78237051739836,1.8682421307852732,4.7980247681213175,0.0391410806130838,0.36834950000047684,4800,circular__uneven_outliers,ALPRD_v1.1,200,ok
42.909921443283785,1.6851407521828985,4.275400319965131,0.4088387035670673,2.1399930119514465e-05,3744,circular__missing_noisy,forward_diff,156,ok
42.89082891845144,1.7023570449100167,4.276408809827538,0.4032483977732673,1.6000005416572094e-05,3744,circular__missing_noisy,backward_diff,156,ok
41.727966805114804,2.03365652891517,5.488783481241759,0.39903544378317735,3.729993477463722e-05,3744,circular__missing_noisy,central_diff,156,ok
45.07799189830204,2.78830009559348,6.3081254443855475,0.6224983910686628,0.009788599913008511,3744,circular__missing_noisy,high_order_fd,156,ok
43.799023245255505,2.6276951463508604,5.923710655657069,0.5925069899343367,0.000969999935477972,3744,circular__missing_noisy,cubic_spline,156,ok
1.5300119082177284,0.16143919167526438,0.22356262726345372,0.06427858854342972,0.0014624999603256583,3744,circular__missing_noisy,savgol_resampled,156,ok
0.44889038291837907,0.05930576640044096,0.08749573988711573,0.022141405865480013,0.001322000054642558,3744,circular__missing_noisy,savgol_matched,156,ok
2.0112889814895016,0.3283669720659584,0.43400786777146205,0.11026975147513504,0.0318649000255391,3744,circular__missing_noisy,ALPRD_v1.0,156,ok
2.0112889814895047,0.32836697206595805,0.43400786777146133,0.11026975147513472,0.024002999998629093,3744,circular__missing_noisy,ALPRD_v1.0_fast,156,ok
0.6750733636627051,0.12181977124958286,0.1668661453393702,0.04547510563230783,0.23317680007312447,3744,circular__missing_noisy,ALPRD_v1.1,156,ok
45.83928689407698,6.205844423637407,8.555868355281278,0.2455199031679106,4.260009154677391e-05,4800,chaotic__clean_uniform,forward_diff,200,ok
51.08582329961234,6.20993384842795,8.546603923934455,0.22893077115668942,2.010003663599491e-05,4800,chaotic__clean_uniform,backward_diff,200,ok
13.274681070444956,1.3348436228584786,2.258619349871509,0.043860764774101765,4.889990668743849e-05,4800,chaotic__clean_uniform,central_diff,200,ok
4.118688001708939,0.23182062917372007,0.519795869406739,0.004846768438547911,0.011696200002916157,4800,chaotic__clean_uniform,high_order_fd,200,ok
1.6795203133695367,0.07349223415565326,0.20964486721728862,0.0010126217949798589,0.0007969000143930316,4800,chaotic__clean_uniform,cubic_spline,200,ok
57.1409080237819,5.1434058666395766,9.00301608938171,0.16924081576823305,0.0016688000177964568,4800,chaotic__clean_uniform,savgol_resampled,200,ok
110.0117814600927,23.819848856242277,31.06003746210578,0.9584156834251751,0.0015650999266654253,4800,chaotic__clean_uniform,savgol_matched,200,ok
104.5921162015402,24.184282227376553,31.104330666719658,0.994392622238188,0.037836600095033646,4800,chaotic__clean_uniform,ALPRD_v1.0,200,ok
104.5921162015402,24.184282227376553,31.104330666719658,0.994392622238188,0.0406744999345392,4800,chaotic__clean_uniform,ALPRD_v1.0_fast,200,ok
69.24093975573783,14.025410455344941,18.004567569808213,0.7185683720516867,0.26943450001999736,4800,chaotic__clean_uniform,ALPRD_v1.1,200,ok
77.28765505187795,6.2253370135715045,9.97299046245185,0.2236605069937358,1.8399907276034355e-05,4800,chaotic__uneven_clean,forward_diff,200,ok
45.02516601562144,6.10109913370957,8.908609491768686,0.23559919200726842,1.179997343569994e-05,4800,chaotic__uneven_clean,backward_diff,200,ok
11.92135112663945,1.116641029445089,2.0328170784074997,0.031797801202832876,2.8799986466765404e-05,4800,chaotic__uneven_clean,central_diff,200,ok
3.786940109264293,0.1877942355213194,0.46226102270808,0.0034076178836254835,0.00800649996381253,4800,chaotic__uneven_clean,high_order_fd,200,ok
2.714101076030744,0.15383446707429005,0.3799510886451193,0.002945739531642743,0.003602100070565939,4800,chaotic__uneven_clean,cubic_spline,200,ok
55.72177637115545,6.0149305061038465,10.153874215146221,0.21112405037859805,0.0021315000485628843,4800,chaotic__uneven_clean,savgol_resampled,200,ok
113.21995529706389,23.225857689954925,30.869940274811714,0.9610660328803382,0.001652600010856986,4800,chaotic__uneven_clean,savgol_matched,200,ok
107.91279371131562,23.599631952806796,30.892194457400453,0.9950251882755644,0.027573599945753813,4800,chaotic__uneven_clean,ALPRD_v1.0,200,ok
107.91279371131562,23.599631952806796,30.892194457400453,0.9950251882755644,0.027342299930751324,4800,chaotic__uneven_clean,ALPRD_v1.0_fast,200,ok
70.55731449340396,11.50577814452443,16.009149503629818,0.5084967663640199,0.311748499982059,4800,chaotic__uneven_clean,ALPRD_v1.1,200,ok
77.30448105926033,7.1678001951893835,10.958815803337016,0.2536805563255393,1.5400000847876072e-05,4800,chaotic__uneven_gaussian,forward_diff,200,ok
45.59491717844366,7.038278620554998,10.02627743433507,0.2705277584606495,1.00000761449337e-05,4800,chaotic__uneven_gaussian,backward_diff,200,ok
40.67024788522588,3.0481460874553195,6.153035668692885,0.08432283821677883,2.6399968191981316e-05,4800,chaotic__uneven_gaussian,central_diff,200,ok
42.62384023610977,2.8760460288615435,6.234415453094208,0.0755315155891935,0.010192500078119338,4800,chaotic__uneven_gaussian,high_order_fd,200,ok
42.15989653414266,2.936858771785168,6.204932754177285,0.07428545474130806,0.0008189999498426914,4800,chaotic__uneven_gaussian,cubic_spline,200,ok
55.71650760734746,6.050120080213565,10.20451423024052,0.20680536309830494,0.0017872999887913465,4800,chaotic__uneven_gaussian,savgol_resampled,200,ok
113.2201502405141,23.221861107809655,30.86242391279541,0.9610973871898627,0.0010451999260112643,4800,chaotic__uneven_gaussian,savgol_matched,200,ok
107.92688849110147,23.59829479309139,30.888890548966017,0.994525223209957,0.021284200018271804,4800,chaotic__uneven_gaussian,ALPRD_v1.0,200,ok
107.92688849110147,23.59829479309139,30.888890548966017,0.9945252232099568,0.03281950007658452,4800,chaotic__uneven_gaussian,ALPRD_v1.0_fast,200,ok
70.61406032992718,11.572191052460079,16.06012257038021,0.5087904686488245,0.29298379993997514,4800,chaotic__uneven_gaussian,ALPRD_v1.1,200,ok
76.34272458375222,6.983738266878861,10.95923084556128,0.24883963350882354,2.589996438473463e-05,4800,chaotic__uneven_uniformnoise,forward_diff,200,ok
53.53593942361723,6.898618373856793,10.098507744420502,0.2529474050064339,1.8400023691356182e-05,4800,chaotic__uneven_uniformnoise,backward_diff,200,ok
52.82464033513751,2.7510351932599906,6.634852814869317,0.07262262131983444,4.7600013203918934e-05,4800,chaotic__uneven_uniformnoise,central_diff,200,ok
53.46941429154871,2.5634900102283655,6.838061600965462,0.05064936985423754,0.011701899929903448,4800,chaotic__uneven_uniformnoise,high_order_fd,200,ok
53.25195796128599,2.5653019171639317,6.687648220839827,0.05797040524427009,0.0007921000942587852,4800,chaotic__uneven_uniformnoise,cubic_spline,200,ok
55.407309618456786,6.027813963946539,10.150031098876909,0.208941544658808,0.0016883999342098832,4800,chaotic__uneven_uniformnoise,savgol_resampled,200,ok
113.21419163026303,23.22495478979834,30.86698400392364,0.9616394671804791,0.001587799983099103,4800,chaotic__uneven_uniformnoise,savgol_matched,200,ok
107.91988851923672,23.600282907181345,30.89143967324156,0.9951303712401695,0.04597370000556111,4800,chaotic__uneven_uniformnoise,ALPRD_v1.0,200,ok
107.91988851923672,23.600282907181345,30.891439673241557,0.9951303712401695,0.028034100076183677,4800,chaotic__uneven_uniformnoise,ALPRD_v1.0_fast,200,ok
70.71550083310018,11.456825515039986,15.956071364923714,0.5031874834817294,0.2939403000054881,4800,chaotic__uneven_uniformnoise,ALPRD_v1.1,200,ok
1964.2712355137812,38.42453362598746,177.9777153154297,0.23154350734766965,2.519995905458927e-05,4800,chaotic__uneven_outliers,forward_diff,200,ok
1968.2184274380304,38.24513093447097,177.94574128360858,0.26967607434604945,2.0499923266470432e-05,4800,chaotic__uneven_outliers,backward_diff,200,ok
1704.569477262886,33.24667422858321,182.66267489785213,0.034080238800608564,7.220008410513401e-05,4800,chaotic__uneven_outliers,central_diff,200,ok
1845.041612447664,45.62092002605336,209.8890388618144,0.004863846459076305,0.010870900005102158,4800,chaotic__uneven_outliers,high_order_fd,200,ok
1816.248468680986,51.57686166852811,213.59158669213477,0.00682240944418799,0.0005039999959990382,4800,chaotic__uneven_outliers,cubic_spline,200,ok
126.97749577780894,13.764584871457924,23.429216024527882,0.3114885321919414,0.0010190000757575035,4800,chaotic__uneven_outliers,savgol_resampled,200,ok
112.44282193220617,23.1340377317022,30.99120579070917,0.950278751213512,0.0010106000117957592,4800,chaotic__uneven_outliers,savgol_matched,200,ok
106.67083279714048,23.54039418215807,31.016766001917247,0.9944976108717584,0.02987229998689145,4800,chaotic__uneven_outliers,ALPRD_v1.0,200,ok
106.67083279714048,23.54039418215807,31.016766001917247,0.9944976108717584,0.027536100009456277,4800,chaotic__uneven_outliers,ALPRD_v1.0_fast,200,ok
113.97491021714939,14.921216934761373,21.242416499444403,0.5821946368168747,0.3946051000384614,4800,chaotic__uneven_outliers,ALPRD_v1.1,200,ok
111.88979648497349,8.74389181785701,14.259702167808854,0.3065583779426331,1.8700025975704193e-05,3744,chaotic__missing_noisy,forward_diff,156,ok
81.33675884459052,8.501110710671044,12.340394975140573,0.33055267311084224,1.2399978004395962e-05,3744,chaotic__missing_noisy,backward_diff,156,ok
41.68672626841773,3.572575170299755,7.142603068102746,0.10404080285558914,2.750009298324585e-05,3744,chaotic__missing_noisy,central_diff,156,ok
45.093695616765416,3.253670469266119,6.9627220362782145,0.07700392772140006,0.005474000005051494,3744,chaotic__missing_noisy,high_order_fd,156,ok
43.784547110387805,3.006565878422879,6.366849775518498,0.0712980333179498,0.000458399998024106,3744,chaotic__missing_noisy,cubic_spline,156,ok
66.43277980615363,9.52524203130101,15.129134813068704,0.35370216507538144,0.0010056000901386142,3744,chaotic__missing_noisy,savgol_resampled,156,ok
114.1035203747314,23.347249607100405,31.092077908286168,0.9580380847507864,0.0009342000121250749,3744,chaotic__missing_noisy,savgol_matched,156,ok
108.43487690889982,23.83293319817642,31.27203265023357,0.9983896131154968,0.01590329990722239,3744,chaotic__missing_noisy,ALPRD_v1.0,156,ok
108.43487690889982,23.832933198176416,31.27203265023357,0.9983896131154968,0.023365400033071637,3744,chaotic__missing_noisy,ALPRD_v1.0_fast,156,ok
112.16545138227639,12.685831111094643,19.914983631561867,0.5316999415929698,0.2828735000221059,3744,chaotic__missing_noisy,ALPRD_v1.1,156,ok
93.17429991322689,2.3343459703098635,8.571728113333577,0.7333811794910026,2.7099973522126675e-05,3120,sinusoidal__real_world_like,forward_diff,130,ok
93.16931933125494,2.349137882395412,8.5740751481766,0.735241205538385,3.029999788850546e-05,3120,sinusoidal__real_world_like,backward_diff,130,ok
92.07383337973988,3.0331341400678444,11.732980780182613,0.6128504967438604,4.529999569058418e-05,3120,sinusoidal__real_world_like,central_diff,130,ok
93.20908763042829,4.1045238040021275,12.828434502440865,1.0163224839085632,0.00757979997433722,3120,sinusoidal__real_world_like,high_order_fd,130,ok
92.82480212511483,4.060136857055817,12.476575636156953,1.1376894941385662,0.0007807000074535608,3120,sinusoidal__real_world_like,cubic_spline,130,ok
0.6162777421053832,0.20036242263078044,0.24502248747173647,0.10942785759265486,0.0017266999930143356,3120,sinusoidal__real_world_like,savgol_resampled,130,ok
1.4662143322470271,0.18345769954696076,0.28509477615813794,0.08030640663224779,0.0016079000197350979,3120,sinusoidal__real_world_like,savgol_matched,130,ok
0.7291940419151339,0.4001733098251127,0.44844784298988544,0.25366476908882046,0.02368330000899732,3120,sinusoidal__real_world_like,ALPRD_v1.0,130,ok
0.7291940419151339,0.4001733098251127,0.44844784298988544,0.2536647690888205,0.03614529990591109,3120,sinusoidal__real_world_like,ALPRD_v1.0_fast,130,ok
0.9771801008322771,0.21510055182614327,0.2707715346776267,0.12492004302038909,0.17639569996390492,3120,sinusoidal__real_world_like,ALPRD_v1.1,130,ok
112.54123458864376,3.8329890903391295,8.513272486470715,0.13264127795104333,2.9499991796910763e-05,8736,chaotic__real_world_like,forward_diff,364,ok
112.43139678694851,3.8582413604852333,8.480499593420793,0.14476097975019836,2.1699932403862476e-05,8736,chaotic__real_world_like,backward_diff,364,ok
111.16409344365486,3.009326431632295,10.63344048557187,0.055911061830972074,5.579995922744274e-05,8736,chaotic__real_world_like,central_diff,364,ok
112.53401881945545,3.813535232129595,11.447176921073343,0.08409543927040422,0.021451300010085106,8736,chaotic__real_world_like,high_order_fd,364,ok
112.06361803243709,3.841517206980805,11.222052258732836,0.08906433805704494,0.0008038999512791634,8736,chaotic__real_world_like,cubic_spline,364,ok
3.3640984991174676,0.5710066643531062,0.8258783412438759,0.023257769994274542,0.0017588000046089292,8736,chaotic__real_world_like,savgol_resampled,364,ok
63.655014939525415,22.16726089938975,26.151542455739403,1.0320903753701267,0.0017637000419199467,8736,chaotic__real_world_like,savgol_matched,364,ok
60.34082217696299,21.647819943188985,25.528563093462903,1.016753104578997,0.07187119999434799,8736,chaotic__real_world_like,ALPRD_v1.0,364,ok
60.340822176962966,21.64781994318899,25.528563093462903,1.016753104578997,0.10508239991031587,8736,chaotic__real_world_like,ALPRD_v1.0_fast,364,ok
19.277187804680658,3.7428437128688192,5.134924246828489,0.1541612956270435,0.6648510000668466,8736,chaotic__real_world_like,ALPRD_v1.1,364,ok
